State_Abrvtn,Pltfrm,Metal_Lvl,Enrlmt_Stus,Cnsmr,Avg_Prm,Avg_Prm_Aftr_APTC,Cnsmr_Wth_APTC_CSR,CSR_Cnsmr,CSR_Cnsmr_73,CSR_Cnsmr_87,CSR_Cnsmr_94,CSR_Cnsmr_AIAN,APTC_Cnsmr,APTC_Cnsmr_Avg_APTC,APTC_Cnsmr_Avg_Prm_Aftr_APTC,Age_0_17,Age_18_25,Age_26_34,Age_35_44,Age_45_54,Age_55_64,Age_GE65,Male,Female,AIAN,ASN,NHPI,BLACK,WHT,Othr_Race,Mlt_Race,Unk_Race,Hspnc_Yes,Hspnc_No,Unk_Ethncty,Rrl,Non_Rrl,Ctstrphc,Brnz,Slvr,Gld,Pltnm,FPL_NFA,FPL_100_150,FPL_150_200,FPL_200_250,FPL_250_300,FPL_300_400,FPL_OTHR
AK,HC.gov,B,All,"8,761",$577 ,$171 ,78%,9%,0%,0%,0%,9%,76%,$534 ,$49 ,18%,6%,18%,18%,16%,22%,1%,49%,51%,8%,7%,0%,1%,63%,1%,4%,15%,4%,82%,14%,52%,48%,N/A,N/A,N/A,N/A,N/A,15%,3%,12%,20%,20%,25%,4%
AK,HC.gov,S,All,"3,438",$995 ,$169 ,94%,90%,6%,45%,39%,0%,94%,$879 ,$116 ,8%,6%,20%,16%,16%,31%,3%,44%,56%,0%,9%,1%,1%,64%,2%,3%,20%,5%,81%,14%,47%,53%,N/A,N/A,N/A,N/A,N/A,1%,35%,47%,7%,3%,2%,6%
AK,HC.gov,G,All,"5,497",$835 ,$223 ,85%,1%,0%,0%,0%,1%,85%,$723 ,$128 ,15%,7%,17%,16%,17%,26%,1%,47%,53%,1%,9%,0%,1%,67%,1%,4%,17%,5%,84%,11%,49%,51%,N/A,N/A,N/A,N/A,N/A,10%,7%,21%,28%,14%,16%,3%
AL,HC.gov,B,All,"20,454",$496 ,$143 ,78%,2%,0%,0%,0%,2%,78%,$455 ,$47 ,5%,10%,22%,20%,19%,23%,0%,48%,52%,2%,6%,0%,15%,61%,1%,3%,14%,3%,87%,10%,23%,77%,N/A,N/A,N/A,N/A,N/A,8%,12%,17%,21%,16%,19%,8%
AL,HC.gov,S,All,"131,194",$719 ,$110 ,94%,84%,11%,24%,49%,0%,94%,$650 ,$72 ,2%,11%,17%,18%,22%,29%,1%,40%,60%,0%,6%,0%,18%,59%,1%,2%,14%,3%,87%,11%,29%,71%,N/A,N/A,N/A,N/A,N/A,1%,51%,25%,11%,5%,5%,2%
AL,HC.gov,G,All,"6,998",$836 ,$432 ,75%,0%,0%,0%,0%,0%,75%,$537 ,$335 ,8%,9%,18%,19%,20%,26%,0%,45%,55%,0%,3%,0%,8%,77%,1%,2%,10%,2%,91%,7%,28%,72%,N/A,N/A,N/A,N/A,N/A,9%,7%,8%,24%,18%,24%,9%
AR,HC.gov,B,All,"15,886",$455 ,$188 ,78%,3%,0%,0%,0%,3%,78%,$344 ,$126 ,12%,8%,14%,14%,17%,35%,0%,46%,54%,2%,4%,0%,6%,68%,1%,3%,17%,4%,85%,12%,36%,64%,N/A,N/A,N/A,N/A,N/A,11%,7%,15%,22%,20%,21%,4%
AR,HC.gov,S,All,"46,554",$542 ,$189 ,90%,76%,18%,35%,23%,0%,89%,$397 ,$150 ,8%,9%,15%,16%,19%,33%,1%,43%,57%,0%,5%,0%,7%,66%,1%,1%,20%,4%,82%,13%,40%,60%,N/A,N/A,N/A,N/A,N/A,4%,24%,36%,19%,8%,7%,2%
AR,HC.gov,G,All,"1,920",$593 ,$464 ,45%,0%,0%,0%,0%,0%,45%,$285 ,$351 ,18%,7%,16%,18%,17%,23%,0%,47%,53%,*,3%,*,3%,75%,*,2%,15%,3%,87%,11%,31%,69%,N/A,N/A,N/A,N/A,N/A,38%,2%,4%,15%,17%,17%,8%
AZ,HC.gov,B,All,"57,301",$535 ,$217 ,70%,1%,0%,0%,0%,1%,70%,$453 ,$92 ,17%,7%,12%,13%,17%,34%,1%,47%,53%,1%,5%,0%,2%,63%,3%,3%,23%,15%,72%,13%,14%,86%,N/A,N/A,N/A,N/A,N/A,21%,3%,11%,23%,18%,20%,4%
AZ,HC.gov,S,All,"90,246",$618 ,$202 ,86%,73%,21%,31%,21%,0%,86%,$483 ,$143 ,14%,8%,12%,13%,18%,33%,1%,44%,56%,0%,9%,0%,2%,57%,3%,2%,26%,18%,68%,13%,8%,92%,N/A,N/A,N/A,N/A,N/A,8%,20%,32%,22%,8%,7%,3%
AZ,HC.gov,G,All,"4,664",$752 ,$597 ,38%,0%,0%,0%,0%,0%,37%,$412 ,$418 ,17%,7%,15%,17%,17%,26%,1%,47%,53%,0%,4%,0%,1%,67%,2%,3%,21%,12%,76%,12%,8%,92%,N/A,N/A,N/A,N/A,N/A,48%,1%,4%,13%,12%,16%,7%
CA,SBE,B,All,"462,501",NR,NR,NR,NR,NR,NR,NR,NR,NR,NR,NR,9%,9%,19%,17%,20%,25%,1%,NR,NR,NR,NR,NR,NR,NR,NR,NR,NR,NR,NR,NR,NR,NR,N/A,N/A,N/A,N/A,N/A,NR,5%,17%,20%,18%,21%,19%
CA,SBE,S,All,"854,505",NR,NR,NR,NR,NR,NR,NR,NR,NR,NR,NR,4%,10%,15%,14%,22%,33%,1%,NR,NR,NR,NR,NR,NR,NR,NR,NR,NR,NR,NR,NR,NR,NR,N/A,N/A,N/A,N/A,N/A,NR,24%,37%,15%,10%,9%,5%
CA,SBE,G,All,"147,422",NR,NR,NR,NR,NR,NR,NR,NR,NR,NR,NR,14%,8%,17%,17%,19%,25%,1%,NR,NR,NR,NR,NR,NR,NR,NR,NR,NR,NR,NR,NR,NR,NR,N/A,N/A,N/A,N/A,N/A,NR,3%,12%,21%,21%,22%,21%
CO,SBE,B,All,"86,945",NR,NR,NR,NR,NR,NR,NR,NR,NR,NR,NR,13%,7%,14%,16%,17%,28%,4%,NR,NR,NR,NR,NR,NR,NR,NR,NR,NR,NR,NR,NR,NR,NR,N/A,N/A,N/A,N/A,N/A,NR,2%,8%,13%,15%,22%,41%
CO,SBE,S,All,"66,963",NR,NR,NR,NR,NR,NR,NR,NR,NR,NR,NR,6%,7%,20%,16%,17%,29%,6%,NR,NR,NR,NR,NR,NR,NR,NR,NR,NR,NR,NR,NR,NR,NR,N/A,N/A,N/A,N/A,N/A,NR,16%,31%,15%,6%,7%,25%
CO,SBE,G,All,"10,186",NR,NR,NR,NR,NR,NR,NR,NR,NR,NR,NR,NR,NR,NR,NR,NR,NR,NR,NR,NR,NR,NR,NR,NR,NR,NR,NR,NR,NR,NR,NR,NR,NR,N/A,N/A,N/A,N/A,N/A,NR,NR,NR,NR,NR,NR,NR
CT,SBE,B,All,"49,326",NR,NR,NR,NR,NR,NR,NR,NR,NR,NR,NR,11%,8%,12%,14%,21%,34%,0%,NR,NR,NR,NR,NR,NR,NR,NR,NR,NR,NR,NR,NR,NR,NR,N/A,N/A,N/A,N/A,N/A,NR,1%,5%,12%,12%,21%,49%
CT,SBE,S,All,"49,889",NR,NR,NR,NR,NR,NR,NR,NR,NR,NR,NR,3%,10%,14%,13%,21%,36%,3%,NR,NR,NR,NR,NR,NR,NR,NR,NR,NR,NR,NR,NR,NR,NR,N/A,N/A,N/A,N/A,N/A,NR,15%,31%,17%,9%,11%,16%
CT,SBE,G,All,"6,779",NR,NR,NR,NR,NR,NR,NR,NR,NR,NR,NR,13%,7%,15%,17%,21%,27%,0%,NR,NR,NR,NR,NR,NR,NR,NR,NR,NR,NR,NR,NR,NR,NR,N/A,N/A,N/A,N/A,N/A,NR,1%,4%,15%,13%,19%,48%
DC,SBE,B,All,"5,097",NR,NR,NR,NR,NR,NR,NR,NR,NR,NR,NR,11%,5%,26%,23%,17%,18%,1%,NR,NR,NR,NR,NR,NR,NR,NR,NR,NR,NR,NR,NR,NR,NR,N/A,N/A,N/A,N/A,N/A,NR,0%,0%,2%,2%,2%,94%
DC,SBE,S,All,"4,507",NR,NR,NR,NR,NR,NR,NR,NR,NR,NR,NR,10%,5%,28%,21%,17%,17%,2%,NR,NR,NR,NR,NR,NR,NR,NR,NR,NR,NR,NR,NR,NR,NR,N/A,N/A,N/A,N/A,N/A,NR,0%,1%,4%,2%,2%,91%
DC,SBE,G,All,"3,894",NR,NR,NR,NR,NR,NR,NR,NR,NR,NR,NR,12%,5%,31%,25%,15%,12%,1%,NR,NR,NR,NR,NR,NR,NR,NR,NR,NR,NR,NR,NR,NR,NR,N/A,N/A,N/A,N/A,N/A,NR,0%,0%,1%,1%,0%,98%
DE,HC.gov,B,All,"7,578",$511 ,$171 ,74%,0%,0%,0%,0%,0%,74%,$461 ,$46 ,15%,7%,15%,15%,17%,30%,1%,47%,53%,0%,10%,0%,8%,59%,1%,2%,19%,5%,84%,11%,25%,75%,N/A,N/A,N/A,N/A,N/A,17%,3%,11%,18%,20%,27%,5%
DE,HC.gov,S,All,"7,902",$754 ,$127 ,93%,86%,10%,43%,34%,0%,93%,$673 ,$83 ,8%,8%,15%,15%,19%,32%,3%,43%,57%,0%,10%,0%,12%,52%,2%,2%,22%,7%,79%,13%,24%,76%,N/A,N/A,N/A,N/A,N/A,2%,33%,44%,11%,4%,4%,3%
DE,HC.gov,G,All,"7,662",$728 ,$252 ,85%,0%,0%,0%,0%,0%,85%,$560 ,$177 ,15%,7%,13%,14%,18%,32%,0%,45%,55%,0%,7%,0%,9%,59%,1%,2%,21%,6%,84%,11%,24%,76%,N/A,N/A,N/A,N/A,N/A,10%,2%,12%,32%,20%,21%,3%
FL,HC.gov,B,All,"559,378",$523 ,$120 ,87%,0%,0%,0%,0%,0%,87%,$465 ,$60 ,9%,10%,15%,16%,21%,28%,1%,49%,51%,0%,3%,0%,7%,38%,2%,1%,48%,16%,46%,37%,3%,97%,N/A,N/A,N/A,N/A,N/A,7%,27%,17%,20%,13%,13%,3%
FL,HC.gov,S,All,"1,279,920",$619 ,$70 ,98%,97%,4%,18%,75%,0%,98%,$561 ,$57 ,7%,13%,14%,17%,23%,24%,2%,43%,57%,0%,3%,0%,7%,28%,2%,1%,58%,25%,32%,43%,3%,97%,N/A,N/A,N/A,N/A,N/A,0%,75%,18%,4%,1%,1%,1%
FL,HC.gov,G,All,"61,087",$743 ,$383 ,74%,0%,0%,0%,0%,0%,74%,$484 ,$280 ,15%,7%,14%,16%,20%,28%,1%,47%,53%,0%,3%,0%,4%,61%,2%,2%,28%,14%,66%,20%,6%,94%,N/A,N/A,N/A,N/A,N/A,15%,5%,6%,26%,20%,22%,6%
GA,HC.gov,B,All,"97,653",$497 ,$189 ,74%,0%,0%,0%,0%,0%,74%,$418 ,$87 ,11%,10%,16%,16%,20%,25%,1%,47%,53%,0%,10%,0%,17%,43%,1%,2%,26%,6%,76%,18%,11%,89%,N/A,N/A,N/A,N/A,N/A,15%,17%,15%,16%,16%,15%,6%
GA,HC.gov,S,All,"335,180",$583 ,$95 ,95%,90%,7%,21%,62%,0%,95%,$516 ,$67 ,7%,13%,15%,17%,22%,24%,2%,42%,58%,0%,17%,0%,17%,30%,2%,1%,33%,8%,70%,22%,15%,85%,N/A,N/A,N/A,N/A,N/A,2%,63%,21%,7%,3%,2%,2%
GA,HC.gov,G,All,"26,596",$637 ,$377 ,62%,0%,0%,0%,0%,0%,62%,$421 ,$238 ,13%,8%,14%,16%,21%,27%,0%,47%,53%,0%,6%,0%,8%,59%,1%,2%,24%,5%,80%,15%,22%,78%,N/A,N/A,N/A,N/A,N/A,25%,3%,4%,19%,20%,20%,8%
HI,HC.gov,B,All,"5,315",$521 ,$214 ,70%,1%,0%,0%,0%,1%,70%,$440 ,$104 ,8%,5%,14%,18%,22%,32%,1%,47%,53%,0%,29%,3%,1%,40%,2%,13%,12%,6%,87%,7%,40%,60%,N/A,N/A,N/A,N/A,N/A,16%,6%,18%,19%,15%,19%,7%
HI,HC.gov,S,All,"8,121",$676 ,$159 ,89%,86%,7%,23%,56%,0%,89%,$583 ,$94 ,2%,9%,14%,20%,23%,30%,2%,38%,62%,0%,22%,5%,0%,20%,31%,10%,12%,4%,87%,10%,29%,71%,N/A,N/A,N/A,N/A,N/A,1%,23%,24%,7%,2%,2%,42%
HI,HC.gov,G,All,"5,074",$674 ,$286 ,77%,0%,0%,0%,0%,0%,77%,$505 ,$209 ,10%,5%,11%,18%,20%,35%,1%,44%,56%,0%,31%,2%,0%,38%,3%,14%,11%,6%,86%,7%,37%,63%,N/A,N/A,N/A,N/A,N/A,12%,7%,20%,23%,16%,16%,5%
IA,HC.gov,B,All,"12,574",$634 ,$187 ,73%,0%,0%,0%,0%,0%,73%,$609 ,$28 ,7%,7%,19%,17%,16%,33%,1%,49%,51%,0%,3%,0%,1%,76%,1%,1%,18%,3%,85%,12%,47%,53%,N/A,N/A,N/A,N/A,N/A,16%,3%,11%,18%,17%,30%,4%
IA,HC.gov,S,All,"19,644",$965 ,$77 ,96%,90%,10%,49%,31%,0%,96%,$929 ,$37 ,3%,8%,15%,17%,18%,38%,1%,43%,57%,0%,5%,0%,2%,68%,1%,1%,23%,4%,79%,17%,49%,51%,N/A,N/A,N/A,N/A,N/A,1%,30%,50%,11%,3%,3%,2%
IA,HC.gov,G,All,"21,993",$813 ,$95 ,91%,0%,0%,0%,0%,0%,91%,$788 ,$34 ,6%,7%,14%,14%,18%,41%,0%,46%,54%,0%,3%,0%,1%,75%,1%,1%,19%,3%,84%,13%,49%,51%,N/A,N/A,N/A,N/A,N/A,5%,2%,10%,30%,21%,30%,1%
ID,SBE,B,All,"45,861",NR,NR,NR,NR,NR,NR,NR,NR,NR,NR,NR,22%,9%,14%,16%,14%,24%,1%,NR,NR,NR,NR,NR,NR,NR,NR,NR,NR,NR,NR,NR,NR,NR,N/A,N/A,N/A,N/A,N/A,NR,NR,NR,NR,NR,NR,NR
ID,SBE,S,All,"25,990",NR,NR,NR,NR,NR,NR,NR,NR,NR,NR,NR,11%,12%,16%,17%,16%,29%,0%,NR,NR,NR,NR,NR,NR,NR,NR,NR,NR,NR,NR,NR,NR,NR,N/A,N/A,N/A,N/A,N/A,NR,NR,NR,NR,NR,NR,NR
ID,SBE,G,All,"6,066",NR,NR,NR,NR,NR,NR,NR,NR,NR,NR,NR,NR,NR,NR,NR,NR,NR,NR,NR,NR,NR,NR,NR,NR,NR,NR,NR,NR,NR,NR,NR,NR,NR,N/A,N/A,N/A,N/A,N/A,NR,NR,NR,NR,NR,NR,NR
IL,HC.gov,B,All,"119,296",$576 ,$222 ,75%,0%,0%,0%,0%,0%,75%,$470 ,$131 ,8%,7%,16%,15%,19%,34%,1%,48%,52%,0%,10%,0%,5%,62%,1%,2%,20%,7%,80%,14%,17%,83%,N/A,N/A,N/A,N/A,N/A,14%,6%,15%,19%,15%,25%,5%
IL,HC.gov,S,All,"148,747",$668 ,$186 ,92%,81%,14%,35%,32%,0%,92%,$525 ,$148 ,5%,9%,17%,16%,20%,32%,2%,46%,54%,0%,12%,0%,5%,56%,2%,1%,23%,10%,76%,15%,12%,88%,N/A,N/A,N/A,N/A,N/A,3%,29%,36%,15%,6%,7%,5%
IL,HC.gov,G,All,"23,757",$755 ,$471 ,62%,0%,0%,0%,0%,0%,62%,$457 ,$343 ,12%,7%,18%,18%,18%,27%,0%,47%,53%,0%,6%,0%,3%,69%,2%,2%,18%,7%,81%,12%,11%,89%,N/A,N/A,N/A,N/A,N/A,24%,2%,7%,18%,16%,26%,6%
IN,HC.gov,B,All,"45,205",$468 ,$291 ,52%,0%,0%,0%,0%,0%,52%,$341 ,$136 ,14%,8%,13%,14%,17%,34%,0%,48%,52%,0%,4%,0%,3%,70%,1%,1%,20%,3%,83%,14%,26%,74%,N/A,N/A,N/A,N/A,N/A,37%,3%,8%,12%,16%,18%,5%
IN,HC.gov,S,All,"90,556",$573 ,$240 ,80%,64%,15%,29%,19%,0%,79%,$420 ,$162 ,9%,7%,13%,15%,18%,36%,1%,44%,56%,0%,6%,0%,3%,65%,1%,1%,23%,3%,81%,16%,25%,75%,N/A,N/A,N/A,N/A,N/A,13%,19%,30%,16%,9%,9%,3%
IN,HC.gov,G,All,"5,170",$683 ,$591 ,32%,0%,0%,0%,0%,0%,32%,$290 ,$427 ,16%,7%,16%,18%,18%,24%,0%,51%,49%,0%,3%,0%,5%,69%,1%,2%,20%,4%,83%,14%,25%,75%,N/A,N/A,N/A,N/A,N/A,53%,1%,3%,8%,13%,14%,7%
KS,HC.gov,B,All,"25,303",$535 ,$176 ,78%,3%,0%,0%,0%,3%,78%,$463 ,$73 ,12%,9%,16%,16%,15%,31%,0%,48%,52%,2%,4%,0%,3%,67%,1%,3%,19%,6%,81%,14%,30%,70%,N/A,N/A,N/A,N/A,N/A,12%,12%,16%,19%,17%,19%,5%
KS,HC.gov,S,All,"38,189",$680 ,$133 ,93%,88%,8%,25%,55%,0%,93%,$588 ,$92 ,6%,11%,17%,18%,18%,28%,1%,43%,57%,0%,8%,0%,4%,61%,2%,2%,24%,9%,77%,15%,32%,68%,N/A,N/A,N/A,N/A,N/A,1%,56%,26%,8%,3%,3%,3%
KS,HC.gov,G,All,"21,790",$694 ,$229 ,84%,0%,0%,0%,0%,0%,84%,$557 ,$147 ,14%,8%,14%,14%,16%,33%,0%,47%,53%,0%,3%,0%,2%,75%,1%,2%,17%,6%,82%,12%,53%,47%,N/A,N/A,N/A,N/A,N/A,8%,13%,16%,23%,18%,18%,4%
KY,HC.gov,B,All,"35,686",$463 ,$165 ,73%,0%,0%,0%,0%,0%,72%,$411 ,$65 ,15%,7%,15%,16%,17%,30%,0%,46%,54%,0%,4%,0%,3%,72%,1%,1%,18%,2%,84%,14%,40%,60%,N/A,N/A,N/A,N/A,N/A,18%,5%,15%,20%,18%,20%,4%
KY,HC.gov,S,All,"41,915",$698 ,$164 ,92%,80%,20%,37%,23%,0%,92%,$582 ,$122 ,8%,7%,13%,15%,19%,36%,1%,43%,57%,0%,4%,0%,3%,72%,1%,1%,19%,2%,84%,14%,52%,48%,N/A,N/A,N/A,N/A,N/A,4%,22%,38%,20%,7%,6%,2%
KY,HC.gov,G,All,"4,874",$704 ,$508 ,49%,0%,0%,0%,0%,0%,49%,$396 ,$359 ,15%,6%,14%,17%,20%,27%,0%,49%,51%,0%,3%,0%,5%,75%,1%,2%,15%,3%,86%,11%,40%,60%,N/A,N/A,N/A,N/A,N/A,38%,1%,3%,18%,16%,18%,6%
LA,HC.gov,B,All,"28,510",$557 ,$177 ,79%,1%,0%,0%,0%,1%,79%,$482 ,$92 ,11%,7%,17%,16%,18%,31%,1%,45%,55%,1%,6%,0%,13%,58%,1%,2%,19%,4%,82%,15%,15%,85%,N/A,N/A,N/A,N/A,N/A,11%,6%,16%,19%,22%,22%,4%
LA,HC.gov,S,All,"52,937",$731 ,$170 ,92%,81%,14%,35%,31%,0%,92%,$611 ,$121 ,5%,7%,15%,16%,21%,35%,1%,42%,58%,0%,10%,0%,13%,46%,2%,1%,28%,4%,73%,23%,17%,83%,N/A,N/A,N/A,N/A,N/A,2%,32%,37%,14%,7%,6%,2%
LA,HC.gov,G,All,"6,301",$762 ,$413 ,74%,0%,0%,0%,0%,0%,74%,$472 ,$310 ,17%,6%,16%,18%,18%,25%,1%,46%,54%,0%,3%,0%,8%,66%,2%,2%,19%,4%,81%,16%,16%,84%,N/A,N/A,N/A,N/A,N/A,15%,2%,5%,20%,29%,24%,4%
MA,SBE,B,All,"35,883",NR,NR,NR,NR,NR,NR,NR,NR,NR,NR,NR,14%,7%,20%,17%,18%,24%,1%,NR,NR,NR,NR,NR,NR,NR,NR,NR,NR,NR,NR,NR,NR,NR,N/A,N/A,N/A,N/A,N/A,NR,1%,1%,1%,1%,33%,64%
MA,SBE,S,All,"269,804",NR,NR,NR,NR,NR,NR,NR,NR,NR,NR,NR,3%,11%,22%,20%,20%,22%,1%,NR,NR,NR,NR,NR,NR,NR,NR,NR,NR,NR,NR,NR,NR,NR,N/A,N/A,N/A,N/A,N/A,NR,14%,27%,23%,15%,5%,16%
MA,SBE,G,All,"8,863",NR,NR,NR,NR,NR,NR,NR,NR,NR,NR,NR,16%,7%,16%,17%,17%,28%,1%,NR,NR,NR,NR,NR,NR,NR,NR,NR,NR,NR,NR,NR,NR,NR,N/A,N/A,N/A,N/A,N/A,NR,0%,0%,0%,1%,14%,85%
MD,SBE,B,All,"34,549",NR,NR,NR,NR,NR,NR,NR,NR,NR,NR,NR,7%,10%,20%,17%,19%,26%,1%,NR,NR,NR,NR,NR,NR,NR,NR,NR,NR,NR,NR,NR,NR,NR,N/A,N/A,N/A,N/A,N/A,NR,5%,15%,17%,12%,17%,34%
MD,SBE,S,All,"63,459",NR,NR,NR,NR,NR,NR,NR,NR,NR,NR,NR,1%,10%,18%,19%,20%,24%,8%,NR,NR,NR,NR,NR,NR,NR,NR,NR,NR,NR,NR,NR,NR,NR,N/A,N/A,N/A,N/A,N/A,NR,20%,33%,9%,3%,2%,32%
MD,SBE,G,All,"55,544",NR,NR,NR,NR,NR,NR,NR,NR,NR,NR,NR,7%,9%,17%,16%,20%,29%,1%,NR,NR,NR,NR,NR,NR,NR,NR,NR,NR,NR,NR,NR,NR,NR,N/A,N/A,N/A,N/A,N/A,NR,5%,16%,21%,14%,18%,27%
ME,HC.gov,B,All,"34,903",$570 ,$169 ,81%,0%,0%,0%,0%,0%,81%,$498 ,$81 ,15%,6%,14%,15%,18%,32%,0%,47%,53%,0%,2%,0%,1%,81%,1%,1%,15%,1%,87%,11%,56%,44%,N/A,N/A,N/A,N/A,N/A,12%,4%,13%,22%,20%,24%,4%
ME,HC.gov,S,All,"24,968",$746 ,$168 ,93%,82%,18%,35%,29%,0%,93%,$622 ,$129 ,10%,7%,14%,14%,18%,36%,1%,45%,55%,0%,2%,0%,1%,79%,1%,1%,16%,1%,86%,13%,55%,45%,N/A,N/A,N/A,N/A,N/A,2%,31%,35%,18%,7%,5%,1%
ME,HC.gov,G,All,"1,478",$779 ,$496 ,63%,0%,0%,0%,0%,0%,63%,$452 ,$360 ,18%,7%,15%,17%,18%,25%,0%,49%,51%,0%,*,0%,2%,83%,*,2%,12%,2%,89%,9%,44%,56%,N/A,N/A,N/A,N/A,N/A,24%,*,5%,16%,24%,23%,*
MI,HC.gov,B,All,"124,624",$411 ,$152 ,78%,1%,0%,0%,0%,1%,78%,$332 ,$90 ,14%,7%,13%,14%,17%,34%,0%,48%,52%,1%,4%,0%,3%,60%,1%,2%,30%,2%,74%,24%,25%,75%,N/A,N/A,N/A,N/A,N/A,12%,6%,14%,23%,19%,23%,4%
MI,HC.gov,S,All,"122,631",$549 ,$181 ,92%,80%,17%,33%,29%,0%,92%,$401 ,$152 ,10%,8%,14%,15%,19%,33%,1%,46%,54%,0%,5%,0%,3%,57%,1%,1%,31%,2%,74%,24%,23%,77%,N/A,N/A,N/A,N/A,N/A,3%,29%,35%,18%,7%,6%,3%
MI,HC.gov,G,All,"12,828",$559 ,$364 ,65%,0%,0%,0%,0%,0%,65%,$302 ,$279 ,17%,7%,16%,17%,19%,25%,0%,49%,51%,0%,4%,0%,4%,69%,2%,2%,20%,3%,83%,14%,21%,79%,N/A,N/A,N/A,N/A,N/A,21%,2%,5%,25%,21%,21%,6%
MN,SBE,B,All,"57,959",NR,NR,NR,NR,NR,NR,NR,NR,NR,NR,NR,12%,7%,11%,13%,16%,41%,0%,NR,NR,NR,NR,NR,NR,NR,NR,NR,NR,NR,NR,NR,NR,NR,N/A,N/A,N/A,N/A,N/A,NR,0%,0%,19%,17%,24%,41%
MN,SBE,S,All,"32,596",NR,NR,NR,NR,NR,NR,NR,NR,NR,NR,NR,10%,7%,14%,14%,16%,39%,1%,NR,NR,NR,NR,NR,NR,NR,NR,NR,NR,NR,NR,NR,NR,NR,N/A,N/A,N/A,N/A,N/A,NR,0%,0%,32%,15%,18%,35%
MN,SBE,G,All,"16,787",NR,NR,NR,NR,NR,NR,NR,NR,NR,NR,NR,14%,7%,17%,18%,17%,27%,0%,NR,NR,NR,NR,NR,NR,NR,NR,NR,NR,NR,NR,NR,NR,NR,N/A,N/A,N/A,N/A,N/A,NR,0%,0%,16%,14%,18%,52%
MO,HC.gov,B,All,"56,778",$553 ,$185 ,74%,1%,0%,0%,0%,1%,74%,$499 ,$75 ,9%,8%,16%,16%,18%,33%,0%,48%,52%,1%,4%,0%,5%,61%,1%,2%,27%,2%,77%,20%,21%,79%,N/A,N/A,N/A,N/A,N/A,15%,17%,14%,16%,13%,19%,6%
MO,HC.gov,S,All,"140,993",$666 ,$135 ,91%,82%,11%,24%,47%,0%,91%,$587 ,$86 ,7%,10%,16%,17%,19%,31%,1%,44%,56%,0%,5%,0%,4%,61%,1%,1%,28%,2%,77%,21%,32%,68%,N/A,N/A,N/A,N/A,N/A,5%,47%,25%,11%,4%,5%,2%
MO,HC.gov,G,All,"4,051",$731 ,$584 ,35%,0%,0%,0%,0%,0%,35%,$418 ,$336 ,9%,6%,22%,20%,20%,22%,0%,57%,43%,0%,2%,0%,2%,46%,1%,1%,46%,2%,60%,39%,13%,87%,N/A,N/A,N/A,N/A,N/A,52%,6%,4%,9%,8%,12%,9%
MS,HC.gov,B,All,"8,256",$574 ,$138 ,86%,1%,0%,0%,0%,1%,86%,$509 ,$78 ,7%,12%,17%,17%,19%,29%,0%,44%,56%,0%,4%,0%,22%,34%,1%,1%,37%,2%,68%,30%,41%,59%,N/A,N/A,N/A,N/A,N/A,4%,33%,14%,16%,15%,12%,7%
MS,HC.gov,S,All,"89,906",$610 ,$74 ,95%,91%,8%,19%,64%,0%,95%,$564 ,$45 ,4%,13%,15%,18%,21%,28%,1%,38%,62%,0%,5%,0%,24%,26%,1%,1%,44%,1%,66%,33%,61%,39%,N/A,N/A,N/A,N/A,N/A,0%,66%,19%,8%,3%,2%,1%
MS,HC.gov,G,All,730,$776 ,$482 ,62%,0%,0%,0%,0%,0%,62%,$473 ,$349 ,12%,9%,15%,17%,18%,29%,0%,45%,55%,*,3%,0%,15%,61%,*,*,17%,3%,85%,12%,46%,54%,N/A,N/A,N/A,N/A,N/A,14%,7%,9%,15%,19%,17%,18%
MT,HC.gov,B,All,"27,553",$518 ,$168 ,80%,4%,0%,0%,0%,4%,78%,$446 ,$80 ,11%,6%,16%,17%,16%,34%,0%,48%,52%,4%,1%,0%,0%,80%,1%,2%,12%,2%,90%,8%,76%,24%,N/A,N/A,N/A,N/A,N/A,11%,3%,13%,20%,20%,28%,5%
MT,HC.gov,S,All,"13,260",$671 ,$143 ,94%,86%,14%,45%,26%,1%,93%,$566 ,$109 ,5%,8%,18%,17%,17%,35%,1%,45%,55%,1%,1%,0%,0%,81%,1%,2%,14%,2%,88%,9%,71%,29%,N/A,N/A,N/A,N/A,N/A,2%,27%,47%,15%,5%,4%,1%
MT,HC.gov,G,All,"2,770",$673 ,$362 ,73%,1%,0%,0%,0%,1%,73%,$428 ,$270 ,13%,7%,19%,17%,18%,26%,0%,46%,54%,1%,1%,0%,0%,83%,1%,3%,11%,3%,91%,7%,69%,31%,N/A,N/A,N/A,N/A,N/A,16%,1%,5%,25%,21%,28%,5%
NC,HC.gov,B,All,"154,097",$507 ,$122 ,84%,1%,0%,0%,0%,1%,84%,$459 ,$52 ,14%,9%,16%,16%,19%,26%,0%,47%,53%,1%,5%,0%,9%,57%,1%,2%,25%,5%,79%,16%,22%,78%,N/A,N/A,N/A,N/A,N/A,8%,10%,13%,22%,19%,24%,4%
NC,HC.gov,S,All,"295,585",$730 ,$89 ,96%,93%,10%,26%,57%,0%,96%,$668 ,$61 ,6%,11%,16%,17%,21%,27%,1%,42%,58%,0%,6%,0%,11%,47%,2%,1%,33%,6%,71%,22%,28%,72%,N/A,N/A,N/A,N/A,N/A,1%,58%,26%,11%,2%,2%,1%
NC,HC.gov,G,All,"48,501",$790 ,$246 ,85%,0%,0%,0%,0%,0%,85%,$644 ,$173 ,17%,7%,12%,15%,19%,29%,0%,46%,54%,0%,3%,0%,5%,68%,1%,2%,21%,4%,84%,12%,27%,73%,N/A,N/A,N/A,N/A,N/A,8%,3%,4%,27%,26%,28%,4%
ND,HC.gov,B,All,"8,901",$378 ,$148 ,79%,7%,0%,0%,0%,7%,79%,$293 ,$90 ,24%,7%,14%,15%,13%,26%,0%,49%,51%,6%,2%,0%,2%,72%,0%,2%,15%,2%,85%,13%,61%,39%,N/A,N/A,N/A,N/A,N/A,10%,5%,16%,23%,18%,24%,4%
ND,HC.gov,S,All,"8,311",$497 ,$162 ,94%,87%,17%,49%,21%,0%,94%,$358 ,$135 ,23%,8%,17%,14%,13%,24%,1%,47%,53%,0%,4%,0%,3%,73%,1%,1%,18%,3%,85%,13%,63%,37%,N/A,N/A,N/A,N/A,N/A,1%,20%,50%,17%,4%,5%,3%
ND,HC.gov,G,All,"4,088",$552 ,$312 ,79%,0%,0%,0%,0%,0%,78%,$306 ,$260 ,27%,7%,14%,15%,13%,25%,0%,49%,51%,0%,2%,0%,1%,81%,1%,2%,14%,2%,87%,11%,73%,27%,N/A,N/A,N/A,N/A,N/A,9%,2%,10%,29%,22%,25%,3%
NE,HC.gov,B,All,"36,229",$643 ,$100 ,91%,1%,0%,0%,0%,1%,90%,$600 ,$41 ,20%,9%,17%,16%,14%,23%,0%,50%,50%,1%,2%,0%,1%,71%,1%,1%,23%,4%,79%,18%,54%,46%,N/A,N/A,N/A,N/A,N/A,5%,6%,11%,24%,21%,32%,2%
NE,HC.gov,S,All,"28,356",$890 ,$112 ,95%,92%,6%,28%,58%,0%,95%,$817 ,$73 ,9%,12%,18%,18%,17%,25%,1%,44%,56%,0%,4%,0%,3%,64%,1%,1%,27%,7%,73%,20%,46%,54%,N/A,N/A,N/A,N/A,N/A,0%,59%,29%,6%,2%,2%,2%
NE,HC.gov,G,All,"25,657",$810 ,$107 ,94%,0%,0%,0%,0%,0%,94%,$745 ,$69 ,18%,10%,15%,16%,15%,27%,0%,47%,53%,0%,2%,0%,1%,71%,1%,1%,22%,6%,78%,16%,56%,44%,N/A,N/A,N/A,N/A,N/A,2%,14%,16%,31%,17%,18%,1%
NH,HC.gov,B,All,"18,195",$464 ,$254 ,57%,0%,0%,0%,0%,0%,57%,$368 ,$113 ,10%,6%,13%,14%,19%,38%,0%,48%,52%,0%,3%,0%,1%,71%,1%,1%,24%,2%,81%,17%,44%,56%,N/A,N/A,N/A,N/A,N/A,31%,2%,7%,14%,14%,26%,6%
NH,HC.gov,S,All,"22,815",$584 ,$203 ,85%,69%,18%,31%,19%,0%,85%,$450 ,$141 ,6%,8%,16%,14%,20%,35%,1%,45%,55%,0%,4%,0%,1%,68%,1%,1%,24%,3%,80%,17%,43%,57%,N/A,N/A,N/A,N/A,N/A,9%,19%,32%,19%,8%,11%,3%
NH,HC.gov,G,All,"2,530",$616 ,$465 ,47%,0%,0%,0%,0%,0%,47%,$323 ,$321 ,14%,8%,18%,16%,19%,25%,0%,49%,51%,0%,3%,0%,0%,75%,1%,1%,20%,2%,85%,13%,38%,62%,N/A,N/A,N/A,N/A,N/A,39%,1%,3%,12%,15%,22%,8%
NJ,HC.gov,B,All,"61,525",$449 ,$225 ,62%,0%,0%,0%,0%,0%,62%,$359 ,$117 ,9%,8%,17%,15%,20%,30%,1%,49%,51%,0%,18%,0%,6%,50%,4%,2%,19%,12%,77%,10%,1%,99%,N/A,N/A,N/A,N/A,N/A,22%,4%,13%,18%,15%,20%,8%
NJ,HC.gov,S,All,"178,914",$588 ,$236 ,81%,64%,16%,28%,20%,0%,81%,$436 ,$169 ,7%,9%,15%,15%,21%,31%,2%,45%,55%,0%,14%,0%,5%,52%,4%,2%,24%,15%,72%,14%,1%,99%,N/A,N/A,N/A,N/A,N/A,10%,18%,29%,16%,8%,12%,6%
NJ,HC.gov,G,All,"4,039",$835 ,$713 ,37%,0%,0%,0%,0%,0%,37%,$328 ,$621 ,16%,6%,19%,21%,19%,18%,0%,50%,50%,0%,11%,0%,3%,61%,3%,3%,18%,9%,79%,12%,1%,99%,N/A,N/A,N/A,N/A,N/A,45%,3%,7%,10%,9%,16%,10%
NM,HC.gov,B,All,"14,748",$393 ,$182 ,67%,3%,0%,0%,0%,3%,67%,$317 ,$89 ,9%,6%,13%,15%,19%,37%,1%,47%,53%,3%,4%,0%,1%,56%,4%,3%,29%,30%,57%,13%,29%,71%,N/A,N/A,N/A,N/A,N/A,20%,4%,16%,20%,17%,17%,6%
NM,HC.gov,S,All,"15,623",$526 ,$117 ,94%,89%,12%,45%,31%,0%,93%,$439 ,$89 ,3%,7%,12%,12%,20%,42%,3%,43%,57%,0%,5%,0%,1%,51%,5%,2%,36%,38%,47%,16%,33%,67%,N/A,N/A,N/A,N/A,N/A,2%,29%,46%,13%,3%,3%,5%
NM,HC.gov,G,All,"12,294",$513 ,$308 ,63%,1%,0%,0%,0%,1%,63%,$325 ,$223 ,12%,6%,11%,14%,19%,37%,1%,46%,54%,1%,3%,0%,1%,62%,4%,2%,27%,28%,59%,12%,32%,68%,N/A,N/A,N/A,N/A,N/A,23%,2%,6%,22%,19%,22%,5%
NV,SBE,B,All,"30,963",NR,NR,NR,NR,NR,NR,NR,NR,NR,NR,NR,NR,NR,NR,NR,NR,NR,NR,NR,NR,NR,NR,NR,NR,NR,NR,NR,NR,NR,NR,NR,NR,NR,N/A,N/A,N/A,N/A,N/A,NR,NR,NR,NR,NR,NR,NR
NV,SBE,S,All,"42,576",NR,NR,NR,NR,NR,NR,NR,NR,NR,NR,NR,NR,NR,NR,NR,NR,NR,NR,NR,NR,NR,NR,NR,NR,NR,NR,NR,NR,NR,NR,NR,NR,NR,N/A,N/A,N/A,N/A,N/A,NR,NR,NR,NR,NR,NR,NR
NV,SBE,G,All,"3,096",NR,NR,NR,NR,NR,NR,NR,NR,NR,NR,NR,NR,NR,NR,NR,NR,NR,NR,NR,NR,NR,NR,NR,NR,NR,NR,NR,NR,NR,NR,NR,NR,NR,N/A,N/A,N/A,N/A,N/A,NR,NR,NR,NR,NR,NR,NR
NY,SBE,B,All,"115,615",NR,NR,NR,NR,NR,NR,NR,NR,NR,NR,NR,3%,9%,24%,20%,20%,24%,1%,NR,NR,NR,NR,NR,NR,NR,NR,NR,NR,NR,NR,NR,NR,NR,N/A,N/A,N/A,N/A,N/A,NR,0%,1%,24%,20%,20%,34%
NY,SBE,S,All,"100,205",NR,NR,NR,NR,NR,NR,NR,NR,NR,NR,NR,3%,8%,15%,16%,22%,35%,1%,NR,NR,NR,NR,NR,NR,NR,NR,NR,NR,NR,NR,NR,NR,NR,N/A,N/A,N/A,N/A,N/A,NR,1%,1%,32%,15%,17%,34%
NY,SBE,G,All,"31,044",NR,NR,NR,NR,NR,NR,NR,NR,NR,NR,NR,NR,NR,NR,NR,NR,NR,NR,NR,NR,NR,NR,NR,NR,NR,NR,NR,NR,NR,NR,NR,NR,NR,N/A,N/A,N/A,N/A,N/A,NR,NR,NR,NR,NR,NR,NR
OH,HC.gov,B,All,"101,339",$458 ,$215 ,69%,0%,0%,0%,0%,0%,69%,$354 ,$115 ,14%,7%,13%,13%,16%,36%,0%,46%,54%,0%,4%,0%,4%,67%,1%,2%,22%,2%,82%,16%,22%,78%,N/A,N/A,N/A,N/A,N/A,22%,5%,13%,22%,16%,18%,4%
OH,HC.gov,S,All,"83,834",$592 ,$218 ,88%,76%,19%,35%,22%,0%,87%,$428 ,$169 ,8%,7%,15%,14%,18%,37%,1%,44%,56%,0%,6%,0%,5%,64%,1%,1%,23%,2%,82%,16%,22%,78%,N/A,N/A,N/A,N/A,N/A,7%,22%,36%,20%,7%,6%,2%
OH,HC.gov,G,All,"9,567",$645 ,$507 ,45%,0%,0%,0%,0%,0%,45%,$310 ,$365 ,16%,6%,16%,15%,19%,27%,0%,48%,52%,0%,4%,0%,3%,70%,1%,2%,20%,3%,84%,13%,19%,81%,N/A,N/A,N/A,N/A,N/A,40%,1%,4%,16%,16%,16%,7%
OK,HC.gov,B,All,"55,609",$486 ,$93 ,90%,35%,0%,0%,0%,35%,87%,$453 ,$31 ,18%,11%,18%,17%,15%,20%,0%,46%,54%,30%,4%,0%,3%,38%,1%,8%,17%,5%,75%,21%,32%,68%,N/A,N/A,N/A,N/A,N/A,5%,17%,18%,25%,17%,15%,3%
OK,HC.gov,S,All,"76,953",$735 ,$96 ,94%,89%,10%,25%,52%,2%,94%,$681 ,$55 ,7%,11%,16%,18%,19%,27%,1%,42%,58%,2%,6%,0%,4%,52%,1%,2%,33%,8%,68%,25%,42%,58%,N/A,N/A,N/A,N/A,N/A,0%,55%,26%,11%,3%,3%,2%
OK,HC.gov,G,All,"25,500",$721 ,$175 ,89%,8%,0%,0%,0%,8%,88%,$619 ,$103 ,17%,9%,14%,16%,17%,27%,0%,47%,53%,7%,3%,0%,3%,59%,1%,4%,23%,5%,76%,19%,48%,52%,N/A,N/A,N/A,N/A,N/A,4%,12%,12%,28%,21%,19%,4%
OR,HC.gov,B,All,"62,350",$459 ,$205 ,64%,1%,0%,0%,0%,1%,64%,$396 ,$90 ,9%,6%,17%,18%,18%,31%,1%,47%,53%,1%,6%,0%,1%,68%,1%,3%,19%,5%,84%,11%,21%,79%,N/A,N/A,N/A,N/A,N/A,23%,2%,12%,17%,15%,25%,6%
OR,HC.gov,S,All,"63,826",$647 ,$211 ,85%,70%,16%,34%,19%,0%,85%,$516 ,$145 ,5%,8%,15%,17%,20%,34%,2%,41%,59%,0%,8%,1%,1%,63%,1%,2%,22%,6%,80%,14%,23%,77%,N/A,N/A,N/A,N/A,N/A,6%,18%,36%,17%,8%,10%,5%
OR,HC.gov,G,All,"18,332",$597 ,$388 ,55%,0%,0%,0%,0%,0%,55%,$380 ,$281 ,15%,6%,17%,21%,17%,23%,0%,45%,55%,0%,5%,0%,1%,71%,1%,4%,17%,5%,85%,10%,17%,83%,N/A,N/A,N/A,N/A,N/A,31%,1%,5%,17%,15%,24%,6%
PA,HC.gov,B,All,"90,613",$536 ,$176 ,77%,0%,0%,0%,0%,0%,77%,$470 ,$86 ,6%,7%,17%,16%,19%,35%,1%,47%,53%,0%,7%,0%,5%,68%,1%,2%,17%,4%,84%,12%,12%,88%,N/A,N/A,N/A,N/A,N/A,14%,5%,17%,21%,16%,22%,4%
PA,HC.gov,S,All,"175,650",$673 ,$176 ,93%,80%,14%,37%,29%,0%,92%,$538 ,$141 ,4%,8%,16%,16%,20%,35%,1%,45%,55%,0%,11%,0%,5%,60%,2%,1%,21%,4%,80%,15%,11%,89%,N/A,N/A,N/A,N/A,N/A,2%,29%,38%,14%,6%,7%,3%
PA,HC.gov,G,All,"63,624",$745 ,$364 ,74%,0%,0%,0%,0%,0%,74%,$513 ,$279 ,7%,6%,13%,14%,19%,41%,0%,47%,53%,0%,3%,0%,2%,75%,1%,1%,17%,3%,85%,12%,19%,81%,N/A,N/A,N/A,N/A,N/A,16%,3%,9%,25%,18%,25%,4%
RI,SBE,B,All,"8,225",NR,NR,NR,NR,NR,NR,NR,NR,NR,NR,NR,8%,9%,20%,17%,18%,28%,1%,NR,NR,NR,NR,NR,NR,NR,NR,NR,NR,NR,NR,NR,NR,NR,N/A,N/A,N/A,N/A,N/A,NR,3%,12%,18%,19%,19%,29%
RI,SBE,S,All,"15,509",NR,NR,NR,NR,NR,NR,NR,NR,NR,NR,NR,1%,11%,18%,19%,22%,27%,3%,NR,NR,NR,NR,NR,NR,NR,NR,NR,NR,NR,NR,NR,NR,NR,N/A,N/A,N/A,N/A,N/A,NR,39%,45%,9%,2%,2%,4%
RI,SBE,G,All,"10,804",NR,NR,NR,NR,NR,NR,NR,NR,NR,NR,NR,9%,8%,16%,17%,20%,30%,1%,NR,NR,NR,NR,NR,NR,NR,NR,NR,NR,NR,NR,NR,NR,NR,N/A,N/A,N/A,N/A,N/A,NR,3%,15%,26%,16%,17%,24%
SC,HC.gov,B,All,"96,888",$473 ,$85 ,88%,0%,0%,0%,0%,0%,88%,$442 ,$34 ,12%,9%,16%,16%,19%,28%,0%,45%,55%,0%,3%,0%,10%,49%,1%,1%,36%,3%,69%,28%,17%,83%,N/A,N/A,N/A,N/A,N/A,5%,18%,16%,22%,16%,19%,3%
SC,HC.gov,S,All,"100,292",$738 ,$132 ,95%,91%,8%,24%,58%,0%,95%,$639 ,$98 ,5%,10%,15%,16%,22%,31%,1%,42%,58%,0%,5%,0%,13%,46%,1%,1%,32%,4%,72%,24%,20%,80%,N/A,N/A,N/A,N/A,N/A,1%,59%,24%,9%,3%,2%,2%
SC,HC.gov,G,All,"14,936",$725 ,$315 ,82%,0%,0%,0%,0%,0%,82%,$501 ,$238 ,16%,7%,13%,15%,18%,31%,0%,46%,54%,0%,3%,0%,5%,67%,1%,1%,23%,3%,80%,17%,18%,82%,N/A,N/A,N/A,N/A,N/A,9%,3%,4%,30%,23%,26%,5%
SD,HC.gov,B,All,"13,322",$580 ,$112 ,90%,6%,0%,0%,0%,6%,89%,$524 ,$56 ,19%,8%,17%,16%,14%,26%,0%,49%,51%,4%,2%,0%,1%,80%,1%,3%,10%,2%,90%,8%,64%,36%,N/A,N/A,N/A,N/A,N/A,4%,9%,14%,25%,21%,23%,3%
SD,HC.gov,S,All,"14,719",$789 ,$140 ,97%,86%,16%,26%,43%,0%,96%,$673 ,$117 ,12%,10%,17%,17%,16%,28%,0%,45%,55%,0%,2%,0%,1%,84%,1%,2%,11%,3%,90%,8%,68%,32%,N/A,N/A,N/A,N/A,N/A,1%,44%,26%,16%,6%,6%,1%
SD,HC.gov,G,All,914,$767 ,$345 ,85%,*,0%,0%,0%,*,85%,$496 ,$280 ,26%,7%,16%,17%,13%,20%,0%,48%,52%,2%,2%,*,*,83%,*,*,11%,3%,90%,7%,65%,35%,N/A,N/A,N/A,N/A,N/A,7%,3%,4%,31%,25%,25%,4%
TN,HC.gov,B,All,"79,179",$503 ,$145 ,78%,0%,0%,0%,0%,0%,78%,$460 ,$52 ,9%,8%,18%,16%,19%,29%,0%,47%,53%,0%,5%,0%,7%,66%,1%,2%,20%,3%,82%,15%,22%,78%,N/A,N/A,N/A,N/A,N/A,13%,13%,16%,18%,17%,18%,6%
TN,HC.gov,S,All,"118,181",$730 ,$137 ,92%,83%,11%,25%,47%,0%,92%,$647 ,$88 ,4%,9%,16%,15%,21%,34%,1%,45%,55%,0%,5%,0%,8%,62%,1%,1%,22%,3%,81%,16%,33%,67%,N/A,N/A,N/A,N/A,N/A,3%,48%,26%,12%,5%,4%,3%
TN,HC.gov,G,All,"2,465",$906 ,$518 ,62%,0%,0%,0%,0%,0%,62%,$630 ,$328 ,11%,7%,19%,19%,19%,25%,0%,46%,54%,0%,3%,0%,4%,76%,1%,2%,14%,3%,88%,9%,38%,62%,N/A,N/A,N/A,N/A,N/A,23%,12%,10%,14%,16%,16%,10%
TX,HC.gov,B,All,"360,655",$432 ,$125 ,80%,1%,0%,0%,0%,1%,80%,$385 ,$51 ,15%,10%,15%,16%,19%,24%,1%,47%,53%,1%,13%,0%,6%,41%,3%,2%,34%,23%,56%,22%,11%,89%,N/A,N/A,N/A,N/A,N/A,11%,18%,17%,22%,14%,14%,5%
TX,HC.gov,S,All,"685,852",$574 ,$89 ,96%,93%,7%,20%,66%,0%,96%,$507 ,$67 ,9%,13%,13%,16%,21%,25%,3%,43%,57%,0%,14%,0%,5%,31%,3%,1%,46%,29%,43%,28%,12%,88%,N/A,N/A,N/A,N/A,N/A,1%,65%,20%,7%,2%,1%,3%
TX,HC.gov,G,All,"63,658",$667 ,$329 ,70%,0%,0%,0%,0%,0%,70%,$484 ,$203 ,18%,8%,15%,16%,17%,26%,1%,45%,55%,0%,6%,0%,4%,59%,3%,2%,26%,20%,65%,16%,28%,72%,N/A,N/A,N/A,N/A,N/A,17%,9%,8%,26%,17%,17%,7%
UT,HC.gov,B,All,"97,205",$339 ,$88 ,84%,1%,0%,0%,0%,1%,84%,$297 ,$43 ,30%,10%,17%,16%,12%,14%,0%,49%,51%,1%,2%,0%,0%,60%,1%,2%,33%,6%,70%,24%,16%,84%,N/A,N/A,N/A,N/A,N/A,9%,5%,11%,27%,21%,24%,3%
UT,HC.gov,S,All,"100,585",$506 ,$91 ,97%,93%,11%,25%,57%,0%,97%,$429 ,$76 ,24%,13%,19%,17%,12%,14%,1%,46%,54%,0%,4%,0%,1%,51%,1%,1%,41%,9%,62%,30%,16%,84%,N/A,N/A,N/A,N/A,N/A,1%,56%,26%,11%,2%,2%,2%
UT,HC.gov,G,All,"1,894",$607 ,$414 ,66%,0%,0%,0%,0%,0%,66%,$295 ,$298 ,29%,10%,19%,19%,11%,12%,0%,47%,53%,*,2%,0%,*,70%,*,2%,22%,6%,78%,16%,13%,87%,N/A,N/A,N/A,N/A,N/A,22%,3%,3%,21%,23%,22%,6%
VA,HC.gov,B,All,"102,272",$537 ,$156 ,80%,0%,0%,0%,0%,0%,80%,$477 ,$62 ,15%,9%,15%,15%,18%,26%,1%,47%,53%,0%,17%,0%,9%,50%,2%,3%,18%,7%,81%,12%,11%,89%,N/A,N/A,N/A,N/A,N/A,13%,7%,16%,23%,18%,20%,4%
VA,HC.gov,S,All,"117,620",$714 ,$130 ,93%,88%,12%,37%,39%,0%,92%,$632 ,$83 ,8%,10%,15%,16%,20%,28%,3%,44%,56%,0%,18%,0%,10%,44%,3%,2%,22%,8%,77%,14%,15%,85%,N/A,N/A,N/A,N/A,N/A,1%,40%,38%,13%,2%,2%,3%
VA,HC.gov,G,All,"46,506",$700 ,$311 ,76%,0%,0%,0%,0%,0%,76%,$509 ,$197 ,18%,7%,13%,14%,18%,28%,1%,46%,54%,0%,12%,0%,8%,58%,3%,3%,17%,8%,82%,10%,14%,86%,N/A,N/A,N/A,N/A,N/A,15%,2%,6%,29%,21%,21%,4%
VT,SBE,B,All,"7,087",NR,NR,NR,NR,NR,NR,NR,NR,NR,NR,NR,6%,8%,21%,19%,20%,26%,0%,NR,NR,NR,NR,NR,NR,NR,NR,NR,NR,NR,NR,NR,NR,NR,N/A,N/A,N/A,N/A,N/A,NR,3%,12%,20%,19%,25%,21%
VT,SBE,S,All,"12,486",NR,NR,NR,NR,NR,NR,NR,NR,NR,NR,NR,1%,10%,16%,18%,21%,33%,1%,NR,NR,NR,NR,NR,NR,NR,NR,NR,NR,NR,NR,NR,NR,NR,N/A,N/A,N/A,N/A,N/A,NR,16%,43%,21%,9%,6%,4%
VT,SBE,G,All,"5,773",NR,NR,NR,NR,NR,NR,NR,NR,NR,NR,NR,6%,8%,12%,14%,19%,40%,1%,NR,NR,NR,NR,NR,NR,NR,NR,NR,NR,NR,NR,NR,NR,NR,N/A,N/A,N/A,N/A,N/A,NR,3%,11%,20%,22%,23%,20%
WA,SBE,B,All,"91,210",NR,NR,NR,NR,NR,NR,NR,NR,NR,NR,NR,10%,7%,15%,16%,19%,33%,1%,NR,NR,NR,NR,NR,NR,NR,NR,NR,NR,NR,NR,NR,NR,NR,N/A,N/A,N/A,N/A,N/A,NR,3%,11%,14%,12%,18%,42%
WA,SBE,S,All,"94,197",NR,NR,NR,NR,NR,NR,NR,NR,NR,NR,NR,4%,9%,17%,18%,19%,31%,3%,NR,NR,NR,NR,NR,NR,NR,NR,NR,NR,NR,NR,NR,NR,NR,N/A,N/A,N/A,N/A,N/A,NR,17%,34%,14%,6%,7%,22%
WA,SBE,G,All,"23,447",NR,NR,NR,NR,NR,NR,NR,NR,NR,NR,NR,13%,6%,17%,19%,19%,25%,1%,NR,NR,NR,NR,NR,NR,NR,NR,NR,NR,NR,NR,NR,NR,NR,N/A,N/A,N/A,N/A,N/A,NR,2%,6%,12%,11%,15%,55%
WI,HC.gov,B,All,"82,633",$580 ,$183 ,78%,1%,0%,0%,0%,1%,78%,$510 ,$86 ,7%,6%,14%,14%,17%,42%,0%,47%,53%,1%,3%,0%,2%,71%,1%,1%,22%,3%,84%,14%,40%,60%,N/A,N/A,N/A,N/A,N/A,15%,6%,12%,17%,16%,31%,4%
WI,HC.gov,S,All,"82,521",$711 ,$127 ,96%,88%,12%,32%,44%,0%,96%,$611 ,$102 ,3%,8%,16%,16%,19%,38%,1%,43%,57%,0%,4%,0%,4%,66%,1%,1%,23%,4%,81%,15%,33%,67%,N/A,N/A,N/A,N/A,N/A,1%,44%,33%,13%,4%,4%,1%
WI,HC.gov,G,All,"28,247",$749 ,$269 ,80%,0%,0%,0%,0%,0%,80%,$597 ,$185 ,8%,6%,13%,14%,17%,42%,0%,46%,54%,0%,2%,0%,1%,79%,0%,1%,17%,2%,87%,11%,50%,50%,N/A,N/A,N/A,N/A,N/A,13%,7%,12%,22%,17%,26%,3%
WV,HC.gov,B,All,"6,650",$921 ,$294 ,81%,0%,0%,0%,0%,0%,81%,$778 ,$166 ,6%,5%,11%,14%,18%,45%,1%,45%,55%,0%,2%,0%,2%,78%,1%,1%,17%,1%,89%,10%,43%,57%,N/A,N/A,N/A,N/A,N/A,12%,4%,15%,21%,19%,25%,4%
WV,HC.gov,S,All,"12,428","$1,026 ",$250 ,92%,75%,18%,37%,20%,0%,91%,$848 ,$184 ,4%,5%,12%,14%,21%,43%,1%,42%,58%,0%,3%,0%,1%,75%,1%,1%,19%,2%,87%,11%,43%,57%,N/A,N/A,N/A,N/A,N/A,4%,21%,38%,18%,7%,10%,2%
WV,HC.gov,G,All,901,"$1,101 ",$696 ,66%,0%,0%,0%,0%,0%,66%,$615 ,$518 ,13%,5%,14%,21%,21%,26%,0%,48%,52%,*,2%,*,2%,78%,*,2%,15%,2%,88%,10%,34%,66%,N/A,N/A,N/A,N/A,N/A,22%,*,6%,20%,15%,29%,*
WY,HC.gov,B,All,"4,683",$755 ,$195 ,79%,3%,0%,0%,0%,3%,79%,$712 ,$38 ,16%,8%,22%,17%,14%,23%,0%,50%,50%,2%,1%,0%,0%,78%,1%,3%,15%,4%,84%,13%,81%,19%,N/A,N/A,N/A,N/A,N/A,10%,7%,10%,16%,18%,33%,6%
WY,HC.gov,S,All,"5,679","$1,169 ",$111 ,96%,93%,6%,26%,61%,0%,96%,"$1,106 ",$69 ,7%,10%,18%,18%,16%,29%,1%,41%,59%,0%,2%,0%,0%,75%,2%,2%,18%,7%,80%,13%,77%,23%,N/A,N/A,N/A,N/A,N/A,0%,62%,27%,6%,2%,2%,1%
WY,HC.gov,G,All,"14,212",$956 ,$113 ,93%,1%,0%,0%,0%,1%,93%,$906 ,$54 ,18%,8%,16%,15%,14%,28%,0%,45%,55%,1%,1%,0%,0%,78%,1%,2%,17%,6%,82%,13%,77%,23%,N/A,N/A,N/A,N/A,N/A,2%,9%,17%,29%,18%,23%,2%
Total,HC.gov,B ,All,"2,738,107",$496 ,$152 ,"2,171,555","37,939",0,0,0,"37,939","2,167,049",$435 ,$69 ,"339,348","242,498","417,174","426,027","503,885","788,808","20,367","1,302,396","1,435,711","31,996","175,630","1,669","160,171","1,464,033","44,454","54,447","805,707","261,656","1,894,596","581,855","488,699","2,249,408",N/A,N/A,N/A,N/A,N/A,"330,715","366,955","405,487","565,682","436,180","516,258","116,830"
Total,HC.gov,S ,All,"4,874,045",$636 ,$117 ,"4,585,140","4,291,483","456,941","1,202,758","2,628,486","3,298","4,573,702",$553 ,$85 ,"355,656","539,425","716,725","799,632","1,014,182","1,361,076","87,349","2,100,460","2,773,585","7,231","387,331","4,065","353,225","2,111,053","100,375","67,485","1,843,280","707,277","2,887,816","1,278,952","823,329","4,050,716",N/A,N/A,N/A,N/A,N/A,"101,000","2,629,713","1,234,562","473,392","161,325","160,531","113,522"
Total,HC.gov,G ,All,"613,105",$724 ,$320 ,"455,452","2,866",0,0,0,"2,866","454,894",$545 ,$209 ,"88,220","44,639","87,591","95,860","110,212","183,598","2,985","285,572","327,533","3,119","27,701",448,"21,970","410,090","9,178","12,967","127,632","45,879","482,425","84,801","173,623","439,482",N/A,N/A,N/A,N/A,N/A,"96,620","31,453","49,676","150,915","117,927","135,640","30,874"
Total,SBE,B,All,"395,146",NR,NR,NR,NR,NR,NR,NR,NR,NR,NR,NR,NR,NR,NR,NR,NR,NR,NR,NR,NR,NR,NR,NR,NR,NR,NR,NR,NR,NR,NR,NR,NR,NR,N/A,N/A,N/A,N/A,N/A,NR,NR,NR,NR,NR,NR,NR
Total,SBE,S,All,"645,380",NR,NR,NR,NR,NR,NR,NR,NR,NR,NR,NR,NR,NR,NR,NR,NR,NR,NR,NR,NR,NR,NR,NR,NR,NR,NR,NR,NR,NR,NR,NR,NR,NR,N/A,N/A,N/A,N/A,N/A,NR,NR,NR,NR,NR,NR,NR
Total,SBE,G,All,"134,452",NR,NR,NR,NR,NR,NR,NR,NR,NR,NR,NR,NR,NR,NR,NR,NR,NR,NR,NR,NR,NR,NR,NR,NR,NR,NR,NR,NR,NR,NR,NR,NR,NR,N/A,N/A,N/A,N/A,N/A,NR,NR,NR,NR,NR,NR,NR
Total,All,B,All,"3,133,253",NR,NR,NR,NR,NR,NR,NR,NR,NR,NR,NR,NR,NR,NR,NR,NR,NR,NR,NR,NR,NR,NR,NR,NR,NR,NR,NR,NR,NR,NR,NR,NR,NR,N/A,N/A,N/A,N/A,N/A,NR,NR,NR,NR,NR,NR,NR
Total,All,S,All,"5,519,425",NR,NR,NR,NR,NR,NR,NR,NR,NR,NR,NR,NR,NR,NR,NR,NR,NR,NR,NR,NR,NR,NR,NR,NR,NR,NR,NR,NR,NR,NR,NR,NR,NR,N/A,N/A,N/A,N/A,N/A,NR,NR,NR,NR,NR,NR,NR
Total,All,G,All,"747,557",NR,NR,NR,NR,NR,NR,NR,NR,NR,NR,NR,NR,NR,NR,NR,NR,NR,NR,NR,NR,NR,NR,NR,NR,NR,NR,NR,NR,NR,NR,NR,NR,NR,N/A,N/A,N/A,N/A,N/A,NR,NR,NR,NR,NR,NR,NR
AK,HC.gov,All,01-atv ,"10,261",$767 ,$164 ,87%,24%,1%,9%,7%,7%,86%,$701 ,$91 ,15%,5%,16%,17%,18%,29%,1%,46%,54%,6%,7%,0%,1%,68%,1%,4%,12%,4%,87%,9%,51%,49%,+,50%,18%,31%,+,10%,9%,21%,21%,16%,20%,3%
AK,HC.gov,All,02-aut ,"3,186",$727 ,$266 ,72%,20%,2%,8%,7%,3%,71%,$653 ,$76 ,13%,7%,21%,17%,15%,24%,2%,49%,51%,3%,10%,0%,1%,61%,2%,3%,20%,5%,78%,17%,50%,50%,+,56%,24%,20%,+,12%,11%,23%,20%,14%,14%,6%
AK,HC.gov,All,03-new ,"4,249",$679 ,$182 ,82%,20%,1%,8%,9%,2%,82%,$608 ,$92 ,17%,8%,23%,18%,14%,18%,1%,48%,52%,2%,8%,1%,1%,58%,1%,4%,25%,6%,76%,19%,49%,51%,+,43%,18%,39%,+,12%,13%,23%,19%,13%,15%,6%
AL,HC.gov,All,01-atv ,"86,528",$731 ,$108 ,95%,73%,10%,22%,40%,0%,95%,$654 ,$86 ,2%,9%,16%,18%,22%,33%,0%,41%,59%,1%,7%,0%,15%,66%,1%,2%,8%,3%,92%,5%,29%,71%,1%,11%,84%,4%,+,2%,41%,24%,14%,8%,9%,2%
AL,HC.gov,All,02-aut ,"36,783",$675 ,$211 ,76%,59%,7%,15%,36%,0%,76%,$613 ,$73 ,3%,11%,20%,19%,21%,25%,1%,42%,58%,1%,4%,0%,19%,54%,1%,2%,20%,3%,79%,18%,30%,70%,1%,13%,81%,5%,+,3%,45%,20%,12%,6%,7%,6%
AL,HC.gov,All,03-new ,"37,118",$613 ,$100 ,91%,70%,7%,19%,44%,0%,91%,$563 ,$66 ,3%,15%,22%,19%,20%,20%,0%,42%,58%,0%,5%,0%,21%,50%,1%,2%,20%,3%,82%,15%,26%,74%,3%,16%,77%,4%,+,2%,47%,22%,12%,6%,6%,5%
AR,HC.gov,All,01-atv ,"29,141",$550 ,$187 ,90%,56%,15%,25%,14%,1%,90%,$404 ,$156 ,9%,7%,12%,15%,19%,39%,1%,43%,57%,1%,5%,0%,5%,73%,1%,2%,14%,4%,89%,8%,38%,62%,+,27%,70%,3%,+,6%,15%,29%,23%,13%,13%,2%
AR,HC.gov,All,02-aut ,"20,735",$523 ,$235 ,77%,55%,12%,23%,19%,1%,76%,$379 ,$148 ,9%,9%,16%,16%,19%,30%,1%,44%,56%,1%,3%,0%,7%,64%,1%,2%,22%,4%,78%,17%,41%,59%,+,19%,79%,3%,+,7%,22%,30%,17%,10%,9%,5%
AR,HC.gov,All,03-new ,"14,484",$466 ,$162 ,88%,58%,11%,27%,19%,1%,88%,$346 ,$129 ,10%,12%,19%,17%,18%,24%,1%,44%,56%,1%,4%,0%,9%,58%,1%,2%,25%,4%,79%,17%,35%,65%,+,29%,67%,4%,+,6%,21%,34%,18%,10%,8%,3%
AZ,HC.gov,All,01-atv ,"77,049",$617 ,$210 ,83%,45%,14%,19%,11%,1%,82%,$494 ,$137 ,14%,7%,10%,12%,18%,38%,1%,45%,55%,0%,8%,0%,1%,65%,3%,3%,20%,16%,76%,9%,10%,90%,0%,37%,60%,3%,+,14%,11%,23%,23%,13%,14%,3%
AZ,HC.gov,All,02-aut ,"41,580",$586 ,$257 ,71%,42%,10%,17%,14%,1%,70%,$470 ,$123 ,16%,9%,13%,13%,17%,29%,2%,46%,54%,1%,7%,0%,2%,57%,3%,2%,28%,20%,63%,16%,13%,87%,1%,35%,61%,3%,+,15%,16%,24%,20%,11%,10%,5%
AZ,HC.gov,All,03-new ,"34,391",$529 ,$196 ,79%,43%,11%,18%,13%,1%,79%,$422 ,$121 ,16%,9%,16%,15%,17%,25%,1%,47%,53%,0%,7%,0%,3%,52%,3%,3%,32%,17%,64%,19%,8%,92%,1%,40%,56%,3%,+,15%,14%,24%,22%,11%,11%,4%
CA,SBE,All,01-atv,"466,154",NR,NR,NR,NR,NR,NR,NR,NR,NR,NR,NR,6%,9%,13%,14%,22%,35%,1%,NR,NR,NR,NR,NR,NR,NR,NR,NR,NR,NR,NR,NR,NR,NR,NR,24%,64%,8%,NR,NR,17%,28%,18%,14%,14%,9%
CA,SBE,All,02-aut,"654,613",NR,NR,NR,NR,NR,NR,NR,NR,NR,NR,NR,7%,9%,17%,15%,21%,30%,1%,NR,NR,NR,NR,NR,NR,NR,NR,NR,NR,NR,NR,NR,NR,NR,NR,31%,53%,11%,NR,NR,15%,28%,16%,13%,14%,14%
CA,SBE,All,03-new,"418,052",NR,NR,NR,NR,NR,NR,NR,NR,NR,NR,NR,8%,13%,22%,16%,19%,21%,1%,NR,NR,NR,NR,NR,NR,NR,NR,NR,NR,NR,NR,NR,NR,NR,NR,36%,49%,9%,NR,NR,13%,26%,18%,13%,15%,14%
CO,SBE,All,01-atv,"78,826",NR,NR,NR,NR,NR,NR,NR,NR,NR,NR,NR,10%,7%,14%,15%,17%,32%,5%,NR,NR,NR,NR,NR,NR,NR,NR,NR,NR,NR,NR,NR,NR,NR,NR,54%,39%,NR,NR,NR,7%,16%,13%,12%,16%,36%
CO,SBE,All,02-aut,"53,643",NR,NR,NR,NR,NR,NR,NR,NR,NR,NR,NR,9%,7%,19%,17%,17%,26%,5%,NR,NR,NR,NR,NR,NR,NR,NR,NR,NR,NR,NR,NR,NR,NR,NR,51%,42%,NR,NR,NR,9%,21%,16%,12%,15%,27%
CO,SBE,All,03-new,"34,383",NR,NR,NR,NR,NR,NR,NR,NR,NR,NR,NR,12%,10%,23%,16%,15%,21%,2%,NR,NR,NR,NR,NR,NR,NR,NR,NR,NR,NR,NR,NR,NR,NR,NR,51%,38%,NR,NR,NR,6%,13%,10%,9%,12%,50%
CT,SBE,All,01-atv,"25,064",NR,NR,NR,NR,NR,NR,NR,NR,NR,NR,NR,5%,8%,11%,12%,20%,41%,3%,NR,NR,NR,NR,NR,NR,NR,NR,NR,NR,NR,NR,NR,NR,NR,NR,40%,54%,5%,NR,NR,8%,19%,18%,12%,18%,25%
CT,SBE,All,02-aut,"57,489",NR,NR,NR,NR,NR,NR,NR,NR,NR,NR,NR,8%,8%,12%,13%,21%,35%,1%,NR,NR,NR,NR,NR,NR,NR,NR,NR,NR,NR,NR,NR,NR,NR,NR,50%,42%,7%,NR,NR,6%,16%,13%,10%,16%,39%
CT,SBE,All,03-new,"25,280",NR,NR,NR,NR,NR,NR,NR,NR,NR,NR,NR,7%,12%,21%,15%,19%,24%,1%,NR,NR,NR,NR,NR,NR,NR,NR,NR,NR,NR,NR,NR,NR,NR,NR,41%,49%,7%,NR,NR,9%,18%,16%,10%,15%,33%
DC,SBE,All,01-atv,"1,524",NR,NR,NR,NR,NR,NR,NR,NR,NR,NR,NR,11%,4%,29%,25%,17%,14%,0%,NR,NR,NR,NR,NR,NR,NR,NR,NR,NR,NR,NR,NR,NR,NR,NR,32%,26%,28%,NR,NR,*,*,2%,2%,2%,94%
DC,SBE,All,02-aut,"11,800",NR,NR,NR,NR,NR,NR,NR,NR,NR,NR,NR,11%,5%,28%,22%,17%,16%,1%,NR,NR,NR,NR,NR,NR,NR,NR,NR,NR,NR,NR,NR,NR,NR,NR,27%,27%,22%,NR,NR,0%,0%,2%,2%,2%,94%
DC,SBE,All,03-new,"4,214",NR,NR,NR,NR,NR,NR,NR,NR,NR,NR,NR,10%,9%,39%,20%,11%,9%,1%,NR,NR,NR,NR,NR,NR,NR,NR,NR,NR,NR,NR,NR,NR,NR,NR,33%,22%,20%,NR,NR,0%,0%,1%,0%,0%,98%
DE,HC.gov,All,01-atv ,"12,234",$699 ,$178 ,88%,27%,3%,14%,9%,0%,88%,$596 ,$117 ,12%,6%,12%,14%,19%,35%,1%,44%,56%,0%,9%,0%,7%,63%,1%,2%,16%,5%,87%,8%,25%,75%,0%,31%,30%,36%,3%,9%,10%,21%,21%,16%,20%,3%
DE,HC.gov,All,02-aut ,"5,671",$664 ,$213 ,79%,39%,6%,17%,16%,0%,79%,$575 ,$96 ,12%,8%,16%,15%,18%,29%,2%,46%,54%,0%,8%,0%,11%,54%,2%,3%,22%,7%,76%,17%,25%,75%,0%,31%,50%,17%,2%,7%,18%,25%,18%,12%,13%,6%
DE,HC.gov,All,03-new ,"6,056",$610 ,$204 ,79%,22%,2%,10%,10%,0%,78%,$518 ,$107 ,14%,9%,18%,17%,17%,24%,1%,45%,55%,0%,9%,0%,13%,47%,2%,2%,27%,7%,79%,14%,22%,78%,1%,33%,23%,39%,3%,15%,12%,20%,20%,12%,16%,4%
FL,HC.gov,All,01-atv ,"1,045,638",$624 ,$86 ,96%,70%,3%,13%,55%,0%,96%,$557 ,$68 ,8%,11%,12%,16%,23%,29%,2%,44%,56%,0%,4%,0%,6%,36%,2%,1%,51%,26%,39%,35%,3%,97%,0%,25%,71%,3%,1%,2%,59%,17%,10%,5%,5%,1%
FL,HC.gov,All,02-aut ,"342,828",$602 ,$170 ,82%,51%,3%,11%,36%,0%,82%,$526 ,$75 ,8%,12%,17%,17%,20%,25%,2%,45%,55%,0%,3%,0%,7%,36%,2%,1%,50%,17%,43%,40%,5%,95%,0%,37%,59%,4%,1%,5%,51%,18%,10%,6%,6%,4%
FL,HC.gov,All,03-new ,"525,509",$539 ,$76 ,95%,63%,2%,11%,50%,0%,95%,$487 ,$54 ,9%,15%,17%,18%,20%,19%,2%,46%,54%,0%,2%,0%,8%,24%,2%,1%,63%,17%,33%,50%,3%,97%,0%,33%,63%,3%,1%,2%,62%,17%,9%,4%,4%,2%
GA,HC.gov,All,01-atv ,"241,436",$593 ,$117 ,92%,68%,5%,16%,47%,0%,92%,$519 ,$80 ,7%,11%,13%,16%,23%,28%,1%,44%,56%,0%,20%,0%,13%,38%,2%,2%,25%,8%,77%,15%,14%,86%,0%,19%,74%,6%,0%,6%,49%,19%,10%,7%,7%,2%
GA,HC.gov,All,02-aut ,"80,095",$589 ,$219 ,74%,54%,5%,14%,35%,0%,74%,$498 ,$97 ,8%,11%,17%,17%,20%,25%,2%,43%,57%,0%,7%,0%,19%,41%,2%,2%,29%,7%,70%,22%,16%,84%,1%,22%,72%,5%,0%,9%,44%,19%,10%,7%,6%,6%
GA,HC.gov,All,03-new ,"142,379",$508 ,$110 ,89%,65%,4%,14%,48%,0%,88%,$450 ,$65 ,10%,14%,19%,18%,20%,18%,1%,44%,56%,0%,9%,0%,21%,26%,1%,2%,41%,7%,64%,30%,13%,87%,1%,23%,69%,6%,0%,6%,53%,18%,9%,5%,5%,4%
HI,HC.gov,All,01-atv ,"9,848",$673 ,$212 ,85%,32%,3%,11%,17%,0%,85%,$544 ,$157 ,6%,5%,10%,17%,23%,38%,1%,43%,57%,0%,31%,2%,0%,38%,7%,12%,9%,5%,90%,5%,38%,62%,1%,28%,34%,30%,7%,9%,12%,24%,18%,12%,14%,11%
HI,HC.gov,All,02-aut ,"5,441",$617 ,$275 ,65%,37%,3%,7%,27%,0%,65%,$525 ,$113 ,6%,8%,16%,20%,20%,27%,3%,42%,58%,0%,21%,5%,0%,24%,23%,11%,15%,5%,83%,13%,32%,68%,1%,22%,51%,21%,5%,10%,12%,17%,12%,7%,8%,34%
HI,HC.gov,All,03-new ,"4,784",$566 ,$185 ,80%,39%,2%,8%,30%,0%,80%,$475 ,$118 ,7%,10%,18%,21%,21%,22%,1%,43%,57%,0%,24%,5%,1%,25%,19%,13%,14%,6%,84%,11%,31%,69%,2%,29%,42%,21%,6%,9%,15%,20%,14%,8%,9%,25%
IA,HC.gov,All,01-atv ,"27,154",$865 ,$83 ,92%,33%,4%,19%,11%,0%,92%,$850 ,$34 ,4%,6%,14%,15%,18%,42%,1%,45%,55%,0%,3%,0%,1%,78%,1%,1%,16%,3%,88%,9%,51%,49%,0%,20%,34%,45%,+,5%,11%,24%,20%,14%,23%,2%
IA,HC.gov,All,02-aut ,"14,817",$812 ,$178 ,80%,34%,5%,17%,12%,0%,80%,$792 ,$33 ,5%,8%,17%,15%,18%,36%,1%,47%,53%,0%,4%,0%,2%,67%,1%,1%,24%,4%,76%,21%,46%,54%,1%,27%,43%,29%,+,8%,16%,27%,19%,12%,15%,4%
IA,HC.gov,All,03-new ,"12,615",$743 ,$91 ,89%,31%,3%,17%,11%,0%,89%,$735 ,$34 ,7%,11%,19%,16%,16%,30%,1%,48%,52%,0%,4%,0%,2%,67%,1%,1%,25%,4%,79%,17%,46%,54%,1%,24%,32%,44%,+,7%,12%,25%,20%,13%,20%,3%
ID,SBE,All,01-atv,"21,586",NR,NR,NR,NR,NR,NR,NR,NR,NR,NR,NR,13%,9%,15%,18%,16%,28%,0%,NR,NR,NR,NR,NR,NR,NR,NR,NR,NR,NR,NR,NR,NR,NR,NR,50%,50%,NR,NR,NR,NR,NR,NR,NR,NR,NR
ID,SBE,All,02-aut,"37,921",NR,NR,NR,NR,NR,NR,NR,NR,NR,NR,NR,19%,10%,15%,16%,15%,26%,0%,NR,NR,NR,NR,NR,NR,NR,NR,NR,NR,NR,NR,NR,NR,NR,NR,68%,28%,NR,NR,NR,NR,NR,NR,NR,NR,NR
ID,SBE,All,03-new,"18,924",NR,NR,NR,NR,NR,NR,NR,NR,NR,NR,NR,28%,12%,17%,14%,12%,18%,0%,NR,NR,NR,NR,NR,NR,NR,NR,NR,NR,NR,NR,NR,NR,NR,NR,50%,24%,NR,NR,NR,NR,NR,NR,NR,NR,NR
IL,HC.gov,All,01-atv ,"146,699",$672 ,$209 ,88%,42%,8%,19%,15%,0%,88%,$528 ,$161 ,6%,7%,14%,15%,20%,37%,1%,46%,54%,0%,11%,0%,3%,66%,2%,2%,16%,7%,83%,9%,16%,84%,0%,42%,50%,8%,+,8%,16%,25%,18%,12%,18%,4%
IL,HC.gov,All,02-aut ,"82,257",$635 ,$274 ,73%,39%,7%,16%,16%,0%,72%,$499 ,$150 ,7%,8%,18%,16%,19%,30%,2%,48%,52%,0%,9%,0%,4%,57%,2%,1%,26%,9%,72%,19%,13%,87%,0%,38%,53%,9%,+,12%,19%,24%,15%,9%,13%,6%
IL,HC.gov,All,03-new ,"63,989",$555 ,$195 ,83%,43%,7%,19%,17%,0%,83%,$434 ,$139 ,8%,11%,22%,17%,18%,24%,1%,47%,53%,0%,11%,0%,7%,50%,2%,2%,27%,9%,72%,18%,10%,90%,1%,43%,49%,7%,+,10%,19%,27%,17%,9%,14%,5%
IN,HC.gov,All,01-atv ,"73,905",$564 ,$265 ,72%,41%,11%,19%,11%,0%,72%,$415 ,$171 ,10%,6%,11%,14%,18%,39%,0%,45%,55%,0%,6%,0%,2%,71%,1%,1%,18%,3%,87%,10%,26%,74%,+,33%,64%,3%,+,22%,11%,21%,15%,13%,14%,3%
IN,HC.gov,All,02-aut ,"37,601",$546 ,$324 ,57%,39%,9%,17%,14%,0%,56%,$397 ,$153 ,12%,8%,14%,15%,18%,32%,1%,48%,52%,0%,4%,0%,3%,66%,1%,1%,24%,3%,76%,20%,26%,74%,+,25%,70%,5%,+,28%,16%,21%,12%,8%,10%,5%
IN,HC.gov,All,03-new ,"29,425",$490 ,$211 ,77%,43%,9%,20%,14%,0%,77%,$363 ,$141 ,11%,10%,18%,16%,17%,26%,0%,46%,54%,0%,6%,0%,6%,56%,1%,2%,30%,4%,76%,20%,22%,78%,+,40%,57%,3%,+,15%,16%,26%,16%,12%,11%,4%
KS,HC.gov,All,01-atv ,"48,966",$668 ,$148 ,91%,41%,3%,11%,26%,1%,91%,$573 ,$103 ,9%,8%,15%,16%,17%,34%,1%,45%,55%,1%,6%,0%,2%,71%,1%,2%,16%,7%,84%,9%,39%,61%,0%,28%,44%,28%,+,5%,31%,20%,16%,12%,13%,3%
KS,HC.gov,All,02-aut ,"18,994",$625 ,$262 ,71%,36%,4%,10%,21%,1%,70%,$516 ,$113 ,11%,11%,18%,16%,16%,26%,1%,47%,53%,1%,4%,0%,4%,63%,2%,2%,25%,8%,73%,20%,35%,65%,1%,29%,47%,24%,+,9%,31%,20%,14%,10%,10%,7%
KS,HC.gov,All,03-new ,"17,877",$570 ,$137 ,87%,41%,3%,11%,26%,1%,87%,$497 ,$84 ,11%,13%,20%,17%,15%,23%,1%,47%,53%,0%,6%,0%,4%,58%,1%,3%,28%,8%,73%,19%,33%,67%,2%,34%,44%,21%,+,6%,36%,20%,14%,10%,9%,5%
KY,HC.gov,All,01-atv ,"42,125",$623 ,$175 ,84%,40%,11%,20%,10%,0%,84%,$536 ,$114 ,11%,6%,12%,15%,18%,38%,1%,43%,57%,0%,4%,0%,2%,77%,1%,1%,14%,2%,88%,10%,47%,53%,1%,43%,50%,6%,+,12%,10%,25%,21%,14%,15%,3%
KY,HC.gov,All,02-aut ,"20,391",$609 ,$238 ,71%,42%,9%,18%,15%,0%,71%,$524 ,$110 ,11%,8%,15%,15%,18%,31%,1%,46%,54%,0%,3%,0%,4%,70%,1%,1%,21%,3%,79%,18%,49%,51%,1%,37%,56%,6%,+,14%,18%,26%,17%,9%,10%,5%
KY,HC.gov,All,03-new ,"20,623",$518 ,$154 ,83%,39%,9%,18%,12%,0%,83%,$440 ,$94 ,13%,10%,18%,17%,17%,24%,0%,46%,54%,0%,4%,0%,5%,64%,1%,2%,24%,3%,79%,18%,41%,59%,1%,49%,45%,5%,+,11%,15%,27%,21%,11%,12%,3%
LA,HC.gov,All,01-atv ,"45,485",$703 ,$160 ,92%,52%,9%,23%,19%,0%,92%,$588 ,$125 ,7%,6%,13%,15%,20%,37%,1%,42%,58%,0%,10%,0%,10%,57%,1%,2%,19%,4%,83%,14%,16%,84%,+,32%,61%,7%,+,5%,20%,28%,17%,15%,13%,2%
LA,HC.gov,All,02-aut ,"22,633",$692 ,$276 ,74%,44%,8%,18%,18%,0%,73%,$568 ,$133 ,8%,7%,17%,16%,20%,31%,2%,44%,56%,0%,5%,0%,14%,46%,1%,1%,32%,4%,68%,28%,17%,83%,+,29%,64%,7%,+,7%,24%,27%,15%,12%,11%,4%
LA,HC.gov,All,03-new ,"19,630",$600 ,$160 ,88%,48%,7%,21%,19%,0%,88%,$502 ,$112 ,9%,10%,20%,18%,19%,24%,1%,44%,56%,0%,7%,0%,16%,44%,1%,2%,29%,4%,73%,23%,15%,85%,+,38%,55%,7%,+,7%,22%,29%,17%,12%,11%,3%
MA,SBE,All,01-atv,"57,152",NR,NR,NR,NR,NR,NR,NR,NR,NR,NR,NR,5%,10%,19%,19%,21%,25%,1%,NR,NR,NR,NR,NR,NR,NR,NR,NR,NR,NR,NR,NR,NR,NR,NR,14%,81%,3%,NR,NR,11%,22%,20%,14%,11%,22%
MA,SBE,All,02-aut,"210,830",NR,NR,NR,NR,NR,NR,NR,NR,NR,NR,NR,4%,10%,22%,20%,20%,23%,1%,NR,NR,NR,NR,NR,NR,NR,NR,NR,NR,NR,NR,NR,NR,NR,NR,9%,87%,3%,NR,NR,12%,23%,20%,13%,7%,25%
MA,SBE,All,03-new,"51,630",NR,NR,NR,NR,NR,NR,NR,NR,NR,NR,NR,9%,15%,26%,18%,16%,15%,0%,NR,NR,NR,NR,NR,NR,NR,NR,NR,NR,NR,NR,NR,NR,NR,NR,17%,79%,3%,NR,NR,14%,24%,18%,11%,9%,25%
MD,SBE,All,01-atv,"34,061",NR,NR,NR,NR,NR,NR,NR,NR,NR,NR,NR,3%,9%,14%,18%,23%,30%,3%,NR,NR,NR,NR,NR,NR,NR,NR,NR,NR,NR,NR,NR,NR,NR,NR,20%,37%,41%,NR,NR,10%,23%,18%,12%,15%,22%
MD,SBE,All,02-aut,"86,135",NR,NR,NR,NR,NR,NR,NR,NR,NR,NR,NR,4%,9%,19%,17%,19%,27%,4%,NR,NR,NR,NR,NR,NR,NR,NR,NR,NR,NR,NR,NR,NR,NR,NR,20%,46%,30%,NR,NR,12%,23%,14%,8%,10%,33%
MD,SBE,All,03-new,"38,738",NR,NR,NR,NR,NR,NR,NR,NR,NR,NR,NR,7%,13%,24%,18%,17%,19%,3%,NR,NR,NR,NR,NR,NR,NR,NR,NR,NR,NR,NR,NR,NR,NR,NR,27%,28%,40%,NR,NR,10%,20%,14%,8%,11%,37%
ME,HC.gov,All,01-atv ,"35,671",$663 ,$164 ,88%,32%,8%,15%,9%,0%,88%,$570 ,$111 ,13%,6%,12%,14%,18%,37%,0%,45%,55%,0%,2%,0%,0%,84%,1%,1%,12%,1%,91%,8%,57%,43%,1%,59%,38%,2%,+,8%,11%,21%,22%,17%,19%,3%
ME,HC.gov,All,02-aut ,"15,455",$647 ,$215 ,77%,37%,6%,12%,20%,0%,77%,$561 ,$101 ,12%,7%,17%,15%,18%,30%,1%,47%,53%,0%,2%,0%,1%,77%,1%,1%,18%,1%,83%,16%,55%,45%,1%,48%,49%,3%,+,8%,27%,21%,17%,11%,12%,5%
ME,HC.gov,All,03-new ,"10,905",$563 ,$163 ,83%,32%,7%,15%,10%,0%,83%,$480 ,$102 ,15%,8%,19%,16%,17%,25%,0%,48%,52%,0%,2%,0%,1%,72%,1%,1%,22%,2%,81%,17%,52%,48%,2%,59%,36%,2%,+,10%,12%,24%,21%,14%,16%,3%
MI,HC.gov,All,01-atv ,"137,278",$502 ,$164 ,89%,39%,9%,16%,13%,0%,88%,$382 ,$134 ,12%,7%,12%,14%,18%,37%,1%,46%,54%,0%,4%,0%,3%,65%,1%,1%,26%,2%,79%,19%,26%,74%,1%,48%,46%,5%,0%,7%,15%,22%,22%,15%,16%,2%
MI,HC.gov,All,02-aut ,"69,099",$485 ,$221 ,73%,37%,8%,15%,14%,0%,72%,$366 ,$134 ,12%,8%,15%,15%,18%,30%,1%,48%,52%,0%,5%,0%,3%,56%,1%,1%,33%,2%,70%,27%,23%,77%,1%,43%,52%,4%,0%,10%,18%,23%,18%,11%,13%,6%
MI,HC.gov,All,03-new ,"56,542",$420 ,$151 ,83%,36%,6%,15%,15%,0%,83%,$325 ,$112 ,13%,10%,19%,15%,17%,25%,1%,48%,52%,0%,5%,0%,5%,50%,1%,2%,37%,2%,68%,29%,19%,81%,2%,52%,41%,5%,0%,9%,18%,24%,20%,12%,13%,4%
MN,SBE,All,01-atv,"15,651",NR,NR,NR,NR,NR,NR,NR,NR,NR,NR,NR,12%,8%,11%,12%,17%,41%,0%,NR,NR,NR,NR,NR,NR,NR,NR,NR,NR,NR,NR,NR,NR,NR,NR,55%,30%,14%,+,NR,0%,0%,22%,17%,23%,37%
MN,SBE,All,02-aut,"68,569",NR,NR,NR,NR,NR,NR,NR,NR,NR,NR,NR,11%,6%,12%,14%,16%,40%,1%,NR,NR,NR,NR,NR,NR,NR,NR,NR,NR,NR,NR,NR,NR,NR,NR,52%,31%,15%,+,NR,0%,0%,22%,17%,22%,40%
MN,SBE,All,03-new,"25,822",NR,NR,NR,NR,NR,NR,NR,NR,NR,NR,NR,13%,9%,20%,15%,15%,27%,0%,NR,NR,NR,NR,NR,NR,NR,NR,NR,NR,NR,NR,NR,NR,NR,NR,52%,26%,16%,+,NR,0%,0%,22%,13%,16%,49%
MO,HC.gov,All,01-atv ,"107,380",$673 ,$146 ,88%,61%,8%,19%,33%,0%,88%,$599 ,$90 ,7%,8%,14%,16%,19%,36%,0%,45%,55%,0%,6%,0%,3%,66%,1%,2%,22%,2%,83%,15%,30%,70%,0%,26%,72%,2%,+,9%,36%,22%,13%,7%,11%,2%
MO,HC.gov,All,02-aut ,"46,731",$610 ,$220 ,73%,50%,7%,15%,28%,0%,73%,$536 ,$88 ,8%,10%,18%,17%,18%,28%,1%,46%,54%,0%,3%,0%,5%,60%,1%,2%,28%,3%,73%,24%,26%,74%,0%,28%,70%,1%,+,11%,37%,20%,12%,6%,8%,6%
MO,HC.gov,All,03-new ,"48,639",$570 ,$127 ,87%,56%,6%,15%,34%,0%,87%,$510 ,$73 ,8%,13%,20%,17%,18%,24%,0%,46%,54%,0%,4%,0%,6%,48%,1%,1%,39%,2%,68%,30%,27%,73%,1%,33%,63%,3%,+,7%,43%,21%,12%,6%,7%,4%
MS,HC.gov,All,01-atv ,"42,347",$637 ,$63 ,98%,86%,8%,18%,59%,0%,98%,$586 ,$52 ,4%,11%,13%,17%,22%,33%,0%,38%,62%,0%,6%,0%,23%,32%,1%,1%,37%,2%,74%,25%,60%,40%,+,8%,92%,1%,+,1%,61%,19%,10%,4%,3%,1%
MS,HC.gov,All,02-aut ,"23,443",$633 ,$154 ,84%,76%,8%,17%,50%,0%,84%,$569 ,$62 ,4%,12%,15%,17%,20%,29%,2%,38%,62%,0%,4%,0%,28%,29%,1%,1%,37%,2%,65%,34%,56%,44%,+,3%,96%,0%,+,1%,60%,20%,9%,4%,4%,3%
MS,HC.gov,All,03-new ,"33,102",$553 ,$56 ,96%,83%,5%,15%,62%,0%,96%,$517 ,$39 ,5%,17%,18%,19%,21%,21%,0%,40%,60%,0%,3%,0%,22%,19%,1%,1%,55%,1%,58%,41%,62%,38%,+,13%,86%,1%,+,1%,67%,17%,7%,3%,2%,2%
MT,HC.gov,All,01-atv ,"24,943",$600 ,$153 ,88%,29%,5%,14%,7%,2%,87%,$510 ,$105 ,8%,5%,14%,17%,17%,38%,0%,46%,54%,2%,1%,0%,0%,84%,1%,2%,10%,2%,93%,5%,75%,25%,0%,64%,30%,6%,+,8%,9%,22%,18%,17%,23%,3%
MT,HC.gov,All,02-aut ,"10,335",$565 ,$243 ,70%,27%,4%,10%,8%,5%,68%,$477 ,$98 ,9%,8%,17%,17%,17%,30%,1%,50%,50%,5%,1%,0%,0%,75%,1%,2%,16%,2%,84%,13%,73%,27%,1%,63%,31%,5%,+,11%,13%,22%,18%,14%,17%,6%
MT,HC.gov,All,03-new ,"8,544",$502 ,$146 ,85%,30%,4%,15%,9%,2%,84%,$423 ,$93 ,12%,11%,23%,17%,14%,24%,0%,49%,51%,2%,1%,0%,0%,76%,1%,2%,18%,3%,86%,11%,72%,28%,1%,60%,31%,8%,+,8%,11%,25%,19%,14%,18%,3%
NC,HC.gov,All,01-atv ,"262,660",$680 ,$96 ,94%,55%,6%,16%,32%,0%,93%,$624 ,$69 ,9%,9%,14%,16%,21%,30%,1%,43%,57%,0%,6%,0%,8%,58%,1%,2%,24%,6%,81%,13%,25%,75%,1%,31%,56%,11%,+,4%,35%,20%,16%,11%,13%,2%
NC,HC.gov,All,02-aut ,"116,980",$693 ,$191 ,81%,52%,7%,14%,31%,0%,81%,$622 ,$85 ,9%,10%,18%,17%,20%,25%,1%,45%,55%,1%,4%,0%,11%,51%,2%,1%,31%,5%,69%,25%,29%,71%,1%,27%,64%,8%,+,4%,38%,20%,15%,9%,10%,5%
NC,HC.gov,All,03-new ,"125,635",$590 ,$89 ,90%,56%,5%,15%,37%,0%,90%,$554 ,$55 ,10%,13%,20%,18%,19%,19%,0%,44%,56%,0%,4%,0%,13%,42%,2%,2%,38%,6%,68%,25%,24%,76%,3%,32%,57%,8%,+,4%,42%,20%,14%,8%,9%,4%
ND,HC.gov,All,01-atv ,"12,377",$466 ,$169 ,89%,36%,7%,21%,7%,2%,89%,$334 ,$142 ,24%,7%,14%,15%,13%,27%,0%,48%,52%,1%,2%,0%,1%,79%,1%,1%,15%,2%,90%,9%,66%,34%,1%,41%,38%,21%,+,6%,8%,28%,23%,15%,18%,2%
ND,HC.gov,All,02-aut ,"5,292",$466 ,$241 ,71%,37%,6%,15%,9%,7%,70%,$319 ,$148 ,24%,9%,16%,15%,13%,23%,1%,50%,50%,7%,2%,0%,2%,70%,1%,2%,16%,2%,79%,18%,64%,36%,2%,40%,41%,16%,+,9%,14%,26%,19%,11%,15%,6%
ND,HC.gov,All,03-new ,"3,997",$394 ,$157 ,82%,36%,5%,18%,10%,2%,82%,$290 ,$124 ,25%,10%,21%,13%,12%,18%,0%,48%,52%,2%,4%,0%,4%,66%,1%,3%,21%,4%,81%,15%,55%,45%,4%,44%,36%,17%,+,8%,11%,28%,21%,12%,15%,5%
NE,HC.gov,All,01-atv ,"55,325",$787 ,$77 ,96%,29%,2%,9%,18%,1%,96%,$737 ,$55 ,16%,9%,15%,16%,16%,27%,0%,47%,53%,0%,3%,0%,1%,73%,1%,1%,21%,5%,80%,16%,56%,44%,0%,42%,29%,29%,+,2%,23%,17%,21%,15%,20%,1%
NE,HC.gov,All,02-aut ,"17,459",$772 ,$217 ,81%,34%,4%,10%,18%,1%,80%,$692 ,$83 ,14%,11%,19%,17%,15%,23%,1%,48%,52%,1%,2%,0%,3%,65%,1%,2%,25%,7%,73%,20%,45%,55%,1%,31%,41%,27%,+,4%,27%,20%,18%,12%,15%,5%
NE,HC.gov,All,03-new ,"18,061",$688 ,$92 ,92%,28%,1%,8%,18%,0%,92%,$646 ,$53 ,17%,14%,19%,17%,14%,19%,0%,48%,52%,0%,3%,0%,2%,61%,1%,2%,30%,6%,72%,23%,48%,52%,2%,42%,28%,28%,+,4%,27%,18%,19%,12%,17%,3%
NH,HC.gov,All,01-atv ,"23,344",$557 ,$227 ,75%,36%,10%,17%,9%,0%,75%,$439 ,$145 ,7%,6%,13%,14%,19%,40%,0%,45%,55%,0%,4%,0%,0%,74%,1%,1%,19%,2%,86%,11%,45%,55%,1%,42%,51%,6%,+,18%,9%,20%,17%,12%,20%,4%
NH,HC.gov,All,02-aut ,"11,559",$515 ,$277 ,59%,34%,8%,15%,12%,0%,58%,$408 ,$126 ,8%,9%,18%,14%,19%,31%,1%,48%,52%,0%,3%,0%,1%,67%,1%,1%,27%,2%,74%,23%,41%,59%,2%,37%,56%,5%,+,24%,14%,19%,14%,9%,14%,6%
NH,HC.gov,All,03-new ,"9,509",$476 ,$218 ,70%,34%,9%,16%,10%,0%,70%,$370 ,$132 ,9%,10%,21%,15%,18%,27%,0%,48%,52%,0%,4%,0%,1%,62%,1%,1%,30%,3%,77%,20%,40%,60%,3%,44%,47%,6%,+,20%,11%,21%,17%,11%,16%,5%
NJ,HC.gov,All,01-atv ,"127,627",$587 ,$239 ,80%,48%,13%,21%,14%,0%,80%,$437 ,$178 ,7%,8%,13%,14%,21%,35%,2%,45%,55%,0%,16%,0%,4%,57%,4%,2%,17%,12%,79%,9%,1%,99%,0%,23%,75%,2%,+,13%,13%,24%,17%,11%,16%,6%
NJ,HC.gov,All,02-aut ,"56,380",$549 ,$287 ,61%,40%,9%,16%,15%,0%,61%,$431 ,$143 ,8%,9%,17%,15%,20%,29%,2%,47%,53%,0%,12%,0%,5%,50%,4%,2%,26%,15%,69%,16%,1%,99%,1%,23%,74%,2%,+,16%,17%,23%,14%,9%,12%,10%
NJ,HC.gov,All,03-new ,"62,419",$492 ,$203 ,78%,47%,11%,21%,15%,0%,78%,$372 ,$142 ,8%,11%,21%,17%,20%,23%,2%,47%,53%,0%,14%,0%,8%,42%,4%,2%,29%,17%,66%,17%,1%,99%,1%,31%,67%,1%,+,11%,16%,26%,17%,10%,13%,7%
NM,HC.gov,All,01-atv ,"22,746",$499 ,$187 ,80%,34%,5%,17%,11%,1%,80%,$390 ,$129 ,7%,5%,10%,13%,19%,44%,1%,44%,56%,1%,5%,0%,1%,59%,4%,2%,28%,32%,58%,10%,30%,70%,0%,33%,36%,31%,+,14%,11%,24%,18%,14%,15%,5%
NM,HC.gov,All,02-aut ,"10,050",$471 ,$225 ,65%,31%,4%,13%,12%,2%,65%,$380 ,$109 ,8%,7%,14%,14%,19%,35%,3%,47%,53%,2%,3%,0%,1%,54%,5%,2%,34%,34%,48%,18%,34%,66%,0%,36%,38%,26%,+,15%,16%,24%,17%,11%,10%,7%
NM,HC.gov,All,03-new ,"9,918",$429 ,$181 ,76%,35%,5%,17%,12%,1%,75%,$331 ,$113 ,9%,9%,17%,15%,20%,30%,1%,46%,54%,1%,4%,0%,1%,50%,4%,2%,37%,32%,50%,18%,30%,70%,0%,36%,37%,26%,+,15%,13%,25%,17%,12%,12%,5%
NV,SBE,All,01-atv,"25,587",NR,NR,NR,NR,NR,NR,NR,NR,NR,NR,NR,NR,NR,NR,NR,NR,NR,NR,NR,NR,NR,NR,NR,NR,NR,NR,NR,NR,NR,NR,NR,NR,NR,NR,34%,63%,2%,NR,NR,NR,NR,NR,NR,NR,NR
NV,SBE,All,02-aut,"31,712",NR,NR,NR,NR,NR,NR,NR,NR,NR,NR,NR,NR,NR,NR,NR,NR,NR,NR,NR,NR,NR,NR,NR,NR,NR,NR,NR,NR,NR,NR,NR,NR,NR,NR,42%,52%,5%,NR,NR,NR,NR,NR,NR,NR,NR
NV,SBE,All,03-new,"20,111",NR,NR,NR,NR,NR,NR,NR,NR,NR,NR,NR,NR,NR,NR,NR,NR,NR,NR,NR,NR,NR,NR,NR,NR,NR,NR,NR,NR,NR,NR,NR,NR,NR,NR,44%,50%,5%,NR,NR,NR,NR,NR,NR,NR,NR
NY,SBE,All,01-atv,"92,518",NR,NR,NR,NR,NR,NR,NR,NR,NR,NR,NR,NR,NR,NR,NR,NR,NR,NR,NR,NR,NR,NR,NR,NR,NR,NR,NR,NR,NR,NR,NR,NR,NR,NR,NR,NR,NR,NR,NR,NR,NR,NR,NR,NR,NR
NY,SBE,All,02-aut,"116,988",NR,NR,NR,NR,NR,NR,NR,NR,NR,NR,NR,NR,NR,NR,NR,NR,NR,NR,NR,NR,NR,NR,NR,NR,NR,NR,NR,NR,NR,NR,NR,NR,NR,NR,NR,NR,NR,NR,NR,NR,NR,NR,NR,NR,NR
NY,SBE,All,03-new,"63,442",NR,NR,NR,NR,NR,NR,NR,NR,NR,NR,NR,NR,NR,NR,NR,NR,NR,NR,NR,NR,NR,NR,NR,NR,NR,NR,NR,NR,NR,NR,NR,NR,NR,NR,NR,NR,NR,NR,NR,NR,NR,NR,NR,NR,NR
OH,HC.gov,All,01-atv ,"100,110",$544 ,$220 ,80%,33%,9%,15%,9%,0%,80%,$407 ,$156 ,12%,6%,12%,13%,17%,41%,1%,44%,56%,0%,5%,0%,3%,73%,1%,1%,17%,2%,88%,10%,24%,76%,1%,53%,42%,5%,+,15%,10%,21%,22%,14%,15%,3%
OH,HC.gov,All,02-aut ,"48,777",$533 ,$283 ,65%,32%,7%,14%,11%,0%,64%,$389 ,$158 ,12%,7%,16%,14%,17%,34%,1%,47%,53%,0%,4%,0%,4%,64%,1%,1%,26%,2%,76%,22%,21%,79%,1%,45%,48%,5%,+,20%,15%,22%,18%,10%,11%,5%
OH,HC.gov,All,03-new ,"47,919",$464 ,$200 ,76%,32%,7%,15%,10%,0%,75%,$351 ,$127 ,12%,9%,18%,15%,17%,28%,1%,48%,52%,0%,5%,0%,7%,55%,1%,2%,30%,3%,76%,21%,18%,82%,1%,55%,39%,5%,+,16%,14%,23%,20%,11%,12%,3%
OK,HC.gov,All,01-atv ,"79,718",$660 ,$75 ,96%,57%,5%,13%,26%,14%,95%,$614 ,$50 ,12%,9%,14%,17%,18%,28%,1%,44%,56%,11%,6%,0%,3%,53%,1%,5%,21%,6%,77%,17%,38%,62%,0%,37%,46%,16%,+,2%,33%,21%,20%,12%,11%,2%
OK,HC.gov,All,02-aut ,"47,714",$646 ,$182 ,83%,59%,6%,12%,22%,19%,80%,$578 ,$70 ,13%,11%,18%,18%,17%,22%,1%,44%,56%,18%,3%,0%,3%,41%,1%,4%,29%,6%,66%,28%,41%,59%,0%,33%,54%,13%,+,3%,36%,21%,17%,10%,9%,4%
OK,HC.gov,All,03-new ,"31,210",$598 ,$81 ,92%,53%,4%,11%,29%,9%,92%,$563 ,$44 ,13%,14%,19%,18%,17%,20%,0%,45%,55%,7%,4%,0%,4%,47%,1%,4%,32%,6%,67%,26%,40%,60%,1%,33%,46%,19%,+,3%,37%,20%,17%,10%,9%,4%
OR,HC.gov,All,01-atv ,"82,214",$589 ,$221 ,76%,32%,8%,16%,8%,1%,76%,$483 ,$144 ,7%,6%,14%,17%,19%,37%,1%,43%,57%,1%,7%,1%,1%,70%,1%,3%,17%,5%,86%,9%,22%,78%,0%,43%,43%,13%,+,16%,8%,20%,17%,13%,21%,5%
OR,HC.gov,All,02-aut ,"30,306",$550 ,$293 ,59%,30%,7%,13%,10%,1%,58%,$447 ,$134 ,9%,7%,18%,18%,18%,27%,2%,45%,55%,1%,6%,1%,1%,63%,2%,3%,24%,6%,75%,18%,22%,78%,0%,37%,53%,10%,+,19%,12%,22%,15%,10%,14%,8%
OR,HC.gov,All,03-new ,"32,744",$487 ,$197 ,74%,30%,6%,15%,9%,0%,74%,$395 ,$122 ,9%,10%,22%,19%,17%,22%,1%,46%,54%,0%,7%,1%,1%,60%,2%,3%,25%,7%,77%,16%,20%,80%,1%,48%,38%,14%,+,16%,9%,23%,18%,12%,17%,6%
PA,HC.gov,All,01-atv ,"180,790",$682 ,$198 ,89%,43%,8%,21%,15%,0%,89%,$544 ,$157 ,4%,6%,13%,15%,20%,40%,1%,45%,55%,0%,9%,0%,3%,70%,1%,1%,15%,3%,87%,10%,13%,87%,0%,27%,53%,20%,0%,7%,16%,26%,19%,13%,17%,3%
PA,HC.gov,All,02-aut ,"82,526",$638 ,$268 ,74%,43%,7%,18%,17%,0%,74%,$500 ,$155 ,6%,8%,17%,16%,20%,32%,1%,48%,52%,0%,6%,0%,5%,63%,1%,1%,23%,4%,77%,19%,15%,85%,0%,22%,59%,19%,0%,10%,21%,26%,16%,10%,12%,5%
PA,HC.gov,All,03-new ,"68,509",$568 ,$186 ,83%,40%,6%,19%,16%,0%,83%,$459 ,$130 ,6%,10%,21%,17%,19%,27%,1%,48%,52%,0%,8%,0%,7%,55%,2%,2%,26%,6%,77%,17%,11%,89%,1%,34%,47%,18%,0%,10%,17%,27%,19%,10%,13%,4%
RI,SBE,All,01-atv,"2,707",NR,NR,NR,NR,NR,NR,NR,NR,NR,NR,NR,5%,8%,17%,17%,21%,30%,2%,NR,NR,NR,NR,NR,NR,NR,NR,NR,NR,NR,NR,NR,NR,NR,+,29%,35%,34%,NR,NR,13%,23%,21%,14%,13%,16%
RI,SBE,All,02-aut,"25,660",NR,NR,NR,NR,NR,NR,NR,NR,NR,NR,NR,5%,9%,16%,18%,21%,29%,2%,NR,NR,NR,NR,NR,NR,NR,NR,NR,NR,NR,NR,NR,NR,NR,+,23%,46%,31%,NR,NR,19%,28%,16%,10%,10%,16%
RI,SBE,All,03-new,"6,267",NR,NR,NR,NR,NR,NR,NR,NR,NR,NR,NR,6%,13%,24%,18%,18%,20%,1%,NR,NR,NR,NR,NR,NR,NR,NR,NR,NR,NR,NR,NR,NR,NR,+,25%,43%,31%,NR,NR,19%,27%,17%,12%,10%,15%
SC,HC.gov,All,01-atv ,"113,053",$642 ,$114 ,93%,44%,4%,12%,28%,0%,93%,$568 ,$84 ,9%,8%,13%,15%,20%,34%,0%,43%,57%,0%,5%,0%,10%,56%,1%,1%,26%,3%,78%,18%,18%,82%,1%,44%,48%,8%,+,4%,34%,19%,17%,11%,13%,2%
SC,HC.gov,All,02-aut ,"42,637",$610 ,$197 ,79%,39%,5%,11%,23%,0%,78%,$527 ,$92 ,9%,10%,18%,16%,20%,26%,1%,45%,55%,0%,3%,0%,12%,48%,1%,1%,35%,3%,66%,31%,20%,80%,1%,44%,50%,6%,+,5%,34%,20%,16%,10%,11%,5%
SC,HC.gov,All,03-new ,"58,340",$557 ,$93 ,92%,42%,3%,10%,29%,0%,92%,$505 ,$62 ,9%,13%,19%,17%,20%,23%,0%,45%,55%,0%,3%,0%,13%,37%,1%,1%,45%,3%,63%,34%,18%,82%,2%,49%,44%,6%,+,3%,41%,19%,15%,9%,9%,3%
SD,HC.gov,All,01-atv ,"18,505",$710 ,$119 ,95%,47%,9%,14%,23%,2%,95%,$623 ,$96 ,15%,8%,16%,16%,15%,29%,0%,46%,54%,2%,2%,0%,0%,86%,1%,2%,8%,2%,93%,5%,68%,32%,1%,45%,52%,3%,+,2%,26%,19%,21%,14%,15%,2%
SD,HC.gov,All,02-aut ,"4,877",$662 ,$221 ,80%,42%,8%,12%,18%,5%,78%,$565 ,$97 ,16%,10%,19%,18%,14%,23%,1%,50%,50%,4%,2%,0%,1%,74%,1%,2%,16%,2%,84%,13%,65%,35%,1%,46%,51%,3%,+,4%,26%,21%,19%,11%,13%,6%
SD,HC.gov,All,03-new ,"5,949",$634 ,$116 ,93%,43%,7%,12%,23%,2%,92%,$561 ,$88 ,16%,12%,22%,16%,13%,22%,0%,48%,52%,2%,2%,0%,1%,76%,1%,2%,16%,4%,85%,11%,61%,39%,3%,48%,46%,4%,+,2%,28%,20%,21%,12%,13%,3%
TN,HC.gov,All,01-atv ,"104,520",$672 ,$126 ,90%,50%,7%,16%,27%,0%,90%,$609 ,$79 ,5%,7%,14%,15%,21%,37%,1%,44%,56%,0%,6%,0%,6%,71%,1%,2%,14%,3%,88%,9%,30%,70%,0%,40%,58%,1%,+,7%,31%,22%,15%,11%,12%,3%
TN,HC.gov,All,02-aut ,"46,465",$641 ,$218 ,75%,46%,7%,14%,26%,0%,74%,$571 ,$85 ,6%,9%,18%,16%,20%,29%,1%,47%,53%,0%,4%,0%,9%,60%,1%,1%,24%,3%,77%,20%,30%,70%,0%,35%,64%,1%,+,8%,34%,22%,13%,8%,8%,6%
TN,HC.gov,All,03-new ,"49,460",$574 ,$118 ,88%,49%,5%,14%,30%,0%,88%,$522 ,$67 ,7%,12%,20%,17%,19%,24%,1%,47%,53%,0%,5%,0%,10%,50%,1%,2%,32%,4%,72%,24%,24%,76%,1%,42%,55%,2%,+,6%,39%,22%,13%,8%,8%,5%
TX,HC.gov,All,01-atv ,"576,123",$553 ,$99 ,93%,61%,5%,13%,43%,0%,93%,$490 ,$70 ,10%,11%,12%,15%,22%,28%,2%,44%,56%,0%,17%,0%,4%,38%,3%,2%,36%,28%,53%,20%,12%,88%,0%,31%,64%,5%,+,4%,48%,18%,13%,7%,7%,3%
TX,HC.gov,All,02-aut ,"215,120",$538 ,$190 ,75%,45%,5%,11%,28%,0%,74%,$468 ,$76 ,12%,11%,16%,15%,19%,25%,2%,45%,55%,0%,8%,0%,6%,43%,4%,2%,37%,29%,47%,24%,17%,83%,1%,35%,56%,8%,+,8%,38%,20%,14%,7%,7%,6%
TX,HC.gov,All,03-new ,"325,050",$490 ,$96 ,91%,59%,4%,11%,44%,0%,90%,$435 ,$63 ,13%,14%,17%,17%,19%,19%,2%,45%,55%,0%,10%,0%,6%,29%,2%,1%,51%,23%,41%,36%,11%,89%,1%,34%,61%,5%,+,5%,49%,17%,12%,6%,5%,6%
UT,HC.gov,All,01-atv ,"125,147",$429 ,$82 ,93%,48%,5%,13%,29%,1%,93%,$373 ,$61 ,28%,11%,17%,17%,12%,15%,0%,47%,53%,1%,3%,0%,0%,58%,1%,2%,35%,7%,69%,24%,16%,84%,0%,49%,50%,1%,+,5%,30%,18%,20%,12%,13%,2%
UT,HC.gov,All,02-aut ,"34,567",$444 ,$153 ,78%,44%,6%,13%,24%,1%,78%,$373 ,$79 ,25%,12%,20%,17%,12%,14%,1%,48%,52%,1%,3%,0%,1%,59%,1%,2%,34%,8%,65%,27%,15%,85%,0%,45%,53%,1%,+,7%,28%,19%,18%,11%,12%,4%
UT,HC.gov,All,03-new ,"40,547",$398 ,$76 ,92%,48%,5%,12%,31%,1%,92%,$349 ,$54 ,27%,15%,21%,15%,11%,11%,0%,49%,51%,1%,3%,0%,1%,47%,1%,2%,45%,9%,57%,34%,15%,85%,1%,49%,49%,1%,+,4%,33%,20%,19%,10%,11%,3%
VA,HC.gov,All,01-atv ,"144,078",$665 ,$151 ,89%,39%,6%,17%,16%,0%,89%,$577 ,$98 ,12%,8%,12%,15%,19%,31%,2%,45%,55%,0%,18%,0%,7%,54%,3%,2%,15%,7%,85%,8%,14%,86%,0%,39%,41%,19%,0%,8%,17%,24%,21%,13%,14%,3%
VA,HC.gov,All,02-aut ,"65,671",$646 ,$251 ,70%,40%,6%,14%,20%,0%,70%,$564 ,$89 ,11%,10%,18%,16%,19%,26%,2%,46%,54%,0%,12%,0%,11%,47%,3%,2%,24%,9%,74%,17%,15%,85%,1%,32%,55%,13%,0%,10%,28%,22%,16%,9%,9%,6%
VA,HC.gov,All,03-new ,"59,725",$578 ,$144 ,87%,37%,4%,16%,17%,0%,87%,$499 ,$90 ,14%,11%,18%,16%,18%,20%,2%,47%,53%,0%,16%,0%,12%,39%,3%,3%,27%,8%,74%,18%,11%,89%,2%,42%,38%,17%,1%,7%,20%,26%,20%,11%,11%,4%
VT,SBE,All,01-atv,"1,733",NR,NR,NR,NR,NR,NR,NR,NR,NR,NR,NR,5%,8%,16%,16%,20%,34%,0%,NR,NR,NR,NR,NR,NR,NR,NR,NR,NR,NR,NR,NR,NR,NR,NR,37%,26%,31%,NR,NR,5%,16%,20%,18%,26%,15%
VT,SBE,All,02-aut,"21,812",NR,NR,NR,NR,NR,NR,NR,NR,NR,NR,NR,4%,9%,15%,16%,20%,35%,1%,NR,NR,NR,NR,NR,NR,NR,NR,NR,NR,NR,NR,NR,NR,NR,NR,23%,49%,20%,NR,NR,9%,27%,20%,14%,14%,14%
VT,SBE,All,03-new,"3,790",NR,NR,NR,NR,NR,NR,NR,NR,NR,NR,NR,6%,11%,24%,18%,16%,24%,0%,NR,NR,NR,NR,NR,NR,NR,NR,NR,NR,NR,NR,NR,NR,NR,NR,37%,37%,20%,NR,NR,8%,24%,19%,15%,18%,16%
WA,SBE,All,01-atv,"35,405",NR,NR,NR,NR,NR,NR,NR,NR,NR,NR,NR,9%,7%,15%,17%,19%,33%,2%,NR,NR,NR,NR,NR,NR,NR,NR,NR,NR,NR,NR,NR,NR,NR,NR,51%,35%,13%,NR,NR,8%,17%,13%,10%,15%,37%
WA,SBE,All,02-aut,"127,958",NR,NR,NR,NR,NR,NR,NR,NR,NR,NR,NR,7%,7%,15%,16%,19%,34%,2%,NR,NR,NR,NR,NR,NR,NR,NR,NR,NR,NR,NR,NR,NR,NR,NR,38%,50%,11%,NR,NR,9%,22%,14%,9%,12%,34%
WA,SBE,All,03-new,"48,825",NR,NR,NR,NR,NR,NR,NR,NR,NR,NR,NR,8%,11%,24%,18%,18%,21%,1%,NR,NR,NR,NR,NR,NR,NR,NR,NR,NR,NR,NR,NR,NR,NR,NR,51%,37%,10%,NR,NR,9%,21%,14%,9%,13%,34%
WI,HC.gov,All,01-atv ,"118,115",$686 ,$157 ,89%,38%,6%,14%,18%,0%,89%,$595 ,$109 ,5%,6%,13%,14%,17%,45%,0%,44%,56%,0%,3%,0%,2%,74%,1%,1%,19%,3%,86%,11%,40%,60%,1%,43%,41%,15%,0%,8%,21%,20%,17%,12%,21%,2%
WI,HC.gov,All,02-aut ,"40,662",$639 ,$235 ,75%,40%,6%,13%,20%,1%,74%,$543 ,$114 ,7%,9%,18%,16%,18%,32%,1%,48%,52%,1%,3%,0%,3%,68%,1%,1%,22%,4%,78%,18%,38%,62%,1%,38%,49%,12%,0%,12%,26%,21%,14%,9%,14%,4%
WI,HC.gov,All,03-new ,"36,721",$583 ,$155 ,85%,36%,4%,12%,19%,0%,84%,$508 ,$96 ,7%,11%,19%,15%,17%,31%,0%,47%,53%,0%,4%,0%,5%,61%,1%,2%,28%,4%,78%,18%,34%,66%,2%,45%,38%,15%,0%,10%,24%,21%,16%,10%,17%,3%
WV,HC.gov,All,01-atv ,"10,574","$1,031 ",$252 ,91%,48%,12%,25%,12%,0%,91%,$852 ,$197 ,4%,4%,10%,14%,19%,48%,0%,42%,58%,0%,3%,0%,1%,81%,1%,1%,14%,1%,93%,6%,44%,56%,0%,32%,63%,4%,+,6%,13%,29%,20%,12%,17%,2%
WV,HC.gov,All,02-aut ,"5,245","$1,002 ",$371 ,77%,44%,10%,20%,14%,0%,76%,$826 ,$185 ,5%,5%,13%,14%,20%,41%,2%,45%,55%,0%,2%,0%,1%,73%,1%,1%,21%,1%,81%,18%,43%,57%,0%,31%,65%,4%,+,9%,18%,28%,17%,11%,13%,4%
WV,HC.gov,All,03-new ,"4,247",$882 ,$262 ,86%,45%,10%,22%,13%,0%,86%,$722 ,$178 ,7%,8%,16%,17%,20%,32%,0%,46%,54%,0%,3%,0%,3%,68%,1%,1%,25%,2%,84%,13%,37%,63%,1%,38%,56%,6%,+,9%,15%,28%,19%,11%,15%,3%
WY,HC.gov,All,01-atv ,"14,564","$1,006 ",$102 ,94%,23%,1%,6%,14%,1%,94%,$959 ,$57 ,15%,7%,16%,16%,15%,31%,0%,44%,56%,1%,2%,0%,0%,82%,1%,2%,12%,5%,87%,8%,80%,20%,+,17%,23%,60%,+,3%,19%,17%,22%,15%,22%,2%
WY,HC.gov,All,02-aut ,"4,493",$924 ,$236 ,79%,22%,2%,6%,12%,2%,78%,$881 ,$51 ,16%,10%,20%,17%,14%,22%,1%,46%,54%,1%,2%,0%,1%,69%,2%,2%,24%,6%,73%,21%,74%,26%,+,22%,27%,51%,+,4%,23%,21%,18%,12%,17%,5%
WY,HC.gov,All,03-new ,"5,517",$899 ,$110 ,92%,21%,0%,5%,15%,1%,92%,$855 ,$53 ,16%,11%,21%,17%,14%,22%,0%,46%,54%,0%,2%,0%,0%,71%,1%,2%,23%,7%,75%,18%,76%,24%,+,22%,21%,57%,+,3%,23%,18%,20%,15%,17%,3%
Total,HC.gov,All,01-atv ,"4,415,678",$621 ,$130 ,"4,023,872","2,416,221","260,262","677,233","1,456,264","22,462","4,017,962",$540 ,$92 ,"400,360","390,971","561,922","681,512","905,006","1,418,892","57,015","1,948,075","2,467,603","20,382","373,772","2,771","233,226","2,332,020","82,583","74,763","1,296,161","583,095","3,004,667","827,916","803,289","3,612,389","15,355","1,410,038","2,639,203","342,603","8,479","262,121","1,580,561","896,226","662,943","419,380","487,747","106,700"
Total,HC.gov,All,02-aut ,"1,784,855",$601 ,$218 ,"1,341,035","808,927","104,907","243,906","444,556","15,558","1,333,283",$514 ,$98 ,"169,647","176,718","302,294","286,868","337,935","481,403","29,990","816,715","968,140","15,505","94,859","1,651","124,524","899,118","37,099","30,465","581,634","195,186","1,136,532","453,137","365,508","1,419,347","8,894","588,542","1,052,313","131,700","3,406","158,860","591,248","374,577","251,244","147,674","165,349","95,903"
Total,HC.gov,All,03-new ,"2,086,338",$533 ,$116 ,"1,856,829","1,107,155","91,772","281,619","727,666","6,098","1,853,980",$469 ,$75 ,"219,310","270,012","386,610","358,603","390,330","437,561","23,912","955,907","1,130,431","6,679","125,724","1,862","183,757","792,803","35,543","32,134","907,836","242,645","1,173,057","670,636","324,551","1,761,787","21,361","739,527","1,182,529","138,802","4,119","123,949","858,872","422,876","281,352","153,860","167,635","77,794"
Total,SBE,All,01-atv,"283,645",NR,NR,NR,NR,NR,NR,NR,NR,NR,NR,NR,NR,NR,NR,NR,NR,NR,NR,NR,NR,NR,NR,NR,NR,NR,NR,NR,NR,NR,NR,NR,NR,NR,NR,NR,NR,NR,NR,NR,NR,NR,NR,NR,NR,NR
Total,SBE,All,02-aut,"664,960",NR,NR,NR,NR,NR,NR,NR,NR,NR,NR,NR,NR,NR,NR,NR,NR,NR,NR,NR,NR,NR,NR,NR,NR,NR,NR,NR,NR,NR,NR,NR,NR,NR,NR,NR,NR,NR,NR,NR,NR,NR,NR,NR,NR,NR
Total,SBE,All,03-new,"252,162",NR,NR,NR,NR,NR,NR,NR,NR,NR,NR,NR,NR,NR,NR,NR,NR,NR,NR,NR,NR,NR,NR,NR,NR,NR,NR,NR,NR,NR,NR,NR,NR,NR,NR,NR,NR,NR,NR,NR,NR,NR,NR,NR,NR,NR
Total,All,All,01-atv,"4,699,323",NR,NR,NR,NR,NR,NR,NR,NR,NR,NR,NR,NR,NR,NR,NR,NR,NR,NR,NR,NR,NR,NR,NR,NR,NR,NR,NR,NR,NR,NR,NR,NR,NR,NR,NR,NR,NR,NR,NR,NR,NR,NR,NR,NR,NR
Total,All,All,02-aut,"2,449,815",NR,NR,NR,NR,NR,NR,NR,NR,NR,NR,NR,NR,NR,NR,NR,NR,NR,NR,NR,NR,NR,NR,NR,NR,NR,NR,NR,NR,NR,NR,NR,NR,NR,NR,NR,NR,NR,NR,NR,NR,NR,NR,NR,NR,NR
Total,All,All,03-new,"2,338,500",NR,NR,NR,NR,NR,NR,NR,NR,NR,NR,NR,NR,NR,NR,NR,NR,NR,NR,NR,NR,NR,NR,NR,NR,NR,NR,NR,NR,NR,NR,NR,NR,NR,NR,NR,NR,NR,NR,NR,NR,NR,NR,NR,NR,NR
